-- phpMyAdmin SQL Dump
-- version 4.6.6deb5
-- https://www.phpmyadmin.net/
--
-- Client :  localhost:3306
-- Généré le :  Sam 21 Mars 2020 à 21:42
-- Version du serveur :  10.1.44-MariaDB-0ubuntu0.18.04.1
-- Version de PHP :  7.2.24-0ubuntu0.18.04.3

SET SQL_MODE = "NO_AUTO_VALUE_ON_ZERO";
SET time_zone = "+00:00";


/*!40101 SET @OLD_CHARACTER_SET_CLIENT=@@CHARACTER_SET_CLIENT */;
/*!40101 SET @OLD_CHARACTER_SET_RESULTS=@@CHARACTER_SET_RESULTS */;
/*!40101 SET @OLD_COLLATION_CONNECTION=@@COLLATION_CONNECTION */;
/*!40101 SET NAMES utf8mb4 */;

--
-- Base de données :  `bddNotes`
--
CREATE DATABASE IF NOT EXISTS `bddNotes` DEFAULT CHARACTER SET utf8mb4 COLLATE utf8mb4_general_ci;
USE `bddNotes`;

-- --------------------------------------------------------

--
-- Structure de la table `a_obtenu`
--

CREATE TABLE `a_obtenu` (
  `id_eleve` varchar(11) NOT NULL,
  `id_professeur` varchar(13) NOT NULL,
  `id_matiere` int(11) NOT NULL,
  `note` float DEFAULT NULL,
  `date` datetime NOT NULL,
  `devoir` varchar(50) DEFAULT NULL
) ENGINE=InnoDB DEFAULT CHARSET=utf8;

--
-- Contenu de la table `a_obtenu`
--

INSERT INTO `a_obtenu` (`id_eleve`, `id_professeur`, `id_matiere`, `note`, `date`, `devoir`) VALUES
('1005031979M', '09C1938462GKL', 16, 20, '2020-02-27 14:18:23', 'Dissection'),
('1005031979M', '09C1938462GKL', 16, 15, '2020-02-27 14:38:23', 'Reproduction'),
('1005031979M', '09C1938462GKL', 16, 15, '2020-02-27 14:48:23', 'Géologie'),
('1005031979M', '10D0934850JUD', 10, 16, '2020-02-27 15:14:11', 'Géométrie'),
('1005031979M', '10D0934850JUD', 10, 1, '2020-02-27 15:15:20', 'Sedon degré'),
('1005031979M', '10D0934850JUD', 10, 2, '2020-02-27 15:15:40', 'Premier degré'),
('1005031979M', '16E0412345ABC', 5, 15, '2020-02-27 15:18:12', 'Electronique'),
('1005031979M', '16E0412345ABC', 5, 19, '2020-02-27 15:18:26', 'Cinématique'),
('1005031979M', '16E0412345ABC', 5, 13, '2020-02-27 15:18:47', 'Logique combinatoire'),
('1005031979M', '16E0412345ABC', 5, 9, '2020-02-27 15:19:08', 'CAO'),
('1005031979M', '16E0412345ABC', 6, 17, '2020-02-27 16:48:36', 'python'),
('1005031979M', '16E0412345ABC', 6, 18, '2020-02-27 16:48:59', 'algo'),
('1005031979M', '16E0412345ABC', 6, 18, '2020-02-27 16:49:29', 'réseau'),
('1005031979M', '16E0412345ABC', 6, 19, '2020-02-27 16:49:51', 'matériel'),
('1005031979M', '23F4572349HJR', 8, 11, '2020-02-27 15:27:14', 'synthèse de texte'),
('1005031979M', '23F4572349HJR', 8, 11, '2020-02-27 15:29:53', 'Le Misanthrope'),
('1005031979M', '43X1435678FGR', 15, 7, '2020-02-27 15:11:32', 'Danse classique'),
('1005031979M', '43X1435678FGR', 15, 18, '2020-02-27 15:12:11', 'foot'),
('1005031979M', '43X1435678FGR', 15, 8, '2020-02-27 15:12:30', 'javelot'),
('1005031979M', '65H9852082LMR', 2, 11, '2020-02-27 15:20:31', 'Le moyen orient'),
('1005031979M', '65H9852082LMR', 2, 18, '2020-02-27 15:21:09', 'les relations internationales'),
('1005031979M', '65H9852082LMR', 2, 1, '2020-02-27 15:22:30', 'Le Mexique'),
('1005031979M', '65H9852082LMR', 12, 5, '2020-02-27 15:23:19', 'to be - to have'),
('1066403511L', '09C1938462GKL', 16, 13, '2020-02-27 14:18:23', 'Dissection'),
('1066403511L', '09C1938462GKL', 16, 7, '2020-02-28 14:38:23', 'Reproduction'),
('1066403511L', '09C1938462GKL', 16, 7, '2020-02-28 14:48:23', 'Géologie'),
('1066403511L', '10D0934850JUD', 10, 6, '2020-02-27 15:14:11', 'Géométrie'),
('1066403511L', '10D0934850JUD', 10, 20, '2020-02-27 15:15:20', 'Sedon degré'),
('1066403511L', '10D0934850JUD', 10, 9, '2020-02-27 15:15:40', 'Premier degré'),
('1066403511L', '16E0412345ABC', 5, 0, '2020-02-27 15:18:12', 'Electronique'),
('1066403511L', '16E0412345ABC', 5, 8, '2020-02-27 15:18:26', 'Cinématique'),
('1066403511L', '16E0412345ABC', 5, 0, '2020-02-27 15:18:47', 'Logique combinatoire'),
('1066403511L', '16E0412345ABC', 5, 15, '2020-02-27 15:19:08', 'CAO'),
('1066403511L', '16E0412345ABC', 6, 7, '2020-02-27 16:48:36', 'python'),
('1066403511L', '16E0412345ABC', 6, 19, '2020-02-27 16:48:59', 'algo'),
('1066403511L', '16E0412345ABC', 6, 13, '2020-02-27 16:49:29', 'réseau'),
('1066403511L', '16E0412345ABC', 6, 13, '2020-02-27 16:49:51', 'matériel'),
('1066403511L', '23F4572349HJR', 8, 13, '2020-02-27 15:27:14', 'synthèse de texte'),
('1066403511L', '23F4572349HJR', 8, 13, '2020-02-27 15:29:53', 'Le Misanthrope'),
('1066403511L', '43X1435678FGR', 15, 13, '2020-02-27 15:11:32', 'Danse classique'),
('1066403511L', '43X1435678FGR', 15, 1, '2020-02-27 15:12:11', 'foot'),
('1066403511L', '43X1435678FGR', 15, 19, '2020-02-27 15:12:30', 'javelot'),
('1066403511L', '65H9852082LMR', 2, 4, '2020-02-27 15:20:31', 'Le moyen orient'),
('1066403511L', '65H9852082LMR', 2, 12, '2020-02-27 15:21:09', 'les relations internationales'),
('1066403511L', '65H9852082LMR', 2, 8, '2020-02-27 15:22:30', 'Le Mexique'),
('1066403511L', '65H9852082LMR', 12, 16, '2020-02-27 15:23:19', 'to be - to have'),
('1111663476U', '10D0934850JUD', 10, 4, '2020-02-27 15:16:14', 'Dérivés'),
('1111663476U', '10D0934850JUD', 10, 10, '2020-02-27 15:16:24', 'Intégrales'),
('1111663476U', '10D0934850JUD', 10, 5, '2020-02-27 15:16:45', 'Equa Diff 1er degré'),
('1111663476U', '10D0934850JUD', 10, 14, '2020-02-27 15:17:04', 'Proba'),
('1111663476U', '10D0934850JUD', 10, 16, '2020-02-27 15:17:15', 'Statistiques'),
('1111663476U', '16E0412345ABC', 5, 5, '2020-02-27 15:19:24', 'CAO'),
('1111663476U', '16E0412345ABC', 5, 13, '2020-02-27 15:19:43', 'Système embarqué'),
('1111663476U', '16E0412345ABC', 5, 12, '2020-02-27 15:20:00', 'Projet1'),
('1111663476U', '16E0412345ABC', 5, 18, '2020-02-27 15:20:06', 'Projet2'),
('1111663476U', '16E0412345ABC', 6, 14, '2020-02-27 16:48:01', 'POO'),
('1111663476U', '16E0412345ABC', 6, 17, '2020-02-27 16:50:14', 'Les arbres'),
('1111663476U', '16E0412345ABC', 6, 15, '2020-02-27 16:50:24', 'Les graphes'),
('1111663476U', '16E0412345ABC', 6, 13, '2020-02-27 16:50:35', 'projet'),
('1111663476U', '23F4572349HJR', 8, 1, '2020-02-27 15:30:05', 'La peste'),
('1111663476U', '23F4572349HJR', 8, 16, '2020-02-27 15:30:18', 'Les misérables'),
('1111663476U', '23F4572349HJR', 8, 0, '2020-02-27 15:30:53', 'Le bourgeois gentilhomme'),
('1111663476U', '43X1435678FGR', 15, 6, '2020-02-27 15:09:47', 'foot'),
('1111663476U', '43X1435678FGR', 15, 6, '2020-02-27 15:10:17', 'handball'),
('1111663476U', '43X1435678FGR', 15, 11, '2020-02-27 15:10:35', 'Danse classique'),
('1111663476U', '65H9852082LMR', 12, 18, '2020-02-27 15:24:26', 'describe a picture'),
('1111663476U', '65H9852082LMR', 12, 19, '2020-02-27 15:25:01', 'the most popular american president'),
('1111663476U', '65H9852082LMR', 12, 6, '2020-02-27 15:26:31', 'prepare for war'),
('1111663476U', '88D9481128KIF', 3, 10, '2020-02-27 14:40:23', 'Le capitalisme'),
('1111663476U', '88D9481128KIF', 3, 20, '2020-02-27 14:56:23', 'Le communisme'),
('1111663476U', '88D9481128KIF', 14, 20, '2020-02-27 14:12:23', 'La conscience'),
('1111663476U', '88D9481128KIF', 14, 16, '2020-02-28 14:12:23', 'L’inconscient'),
('1153710582I', '09C1938462GKL', 16, 9, '2020-02-27 14:18:23', 'Dissection'),
('1153710582I', '09C1938462GKL', 16, 0, '2020-02-29 14:38:23', 'Reproduction'),
('1153710582I', '09C1938462GKL', 16, 0, '2020-02-29 14:48:23', 'Géologie'),
('1153710582I', '10D0934850JUD', 10, 18, '2020-02-27 15:14:11', 'Géométrie'),
('1153710582I', '10D0934850JUD', 10, 1, '2020-02-27 15:15:20', 'Sedon degré'),
('1153710582I', '10D0934850JUD', 10, 4, '2020-02-27 15:15:40', 'Premier degré'),
('1153710582I', '16E0412345ABC', 5, 11, '2020-02-27 15:18:12', 'Electronique'),
('1153710582I', '16E0412345ABC', 5, 12, '2020-02-27 15:18:26', 'Cinématique'),
('1153710582I', '16E0412345ABC', 5, 4, '2020-02-27 15:18:47', 'Logique combinatoire'),
('1153710582I', '16E0412345ABC', 5, 5, '2020-02-27 15:19:08', 'CAO'),
('1153710582I', '16E0412345ABC', 6, 5, '2020-02-27 16:48:36', 'python'),
('1153710582I', '16E0412345ABC', 6, 8, '2020-02-27 16:48:59', 'algo'),
('1153710582I', '16E0412345ABC', 6, 15, '2020-02-27 16:49:29', 'réseau'),
('1153710582I', '16E0412345ABC', 6, 16, '2020-02-27 16:49:51', 'matériel'),
('1153710582I', '23F4572349HJR', 8, 11, '2020-02-27 15:27:14', 'synthèse de texte'),
('1153710582I', '23F4572349HJR', 8, 11, '2020-02-27 15:29:53', 'Le Misanthrope'),
('1153710582I', '43X1435678FGR', 15, 11, '2020-02-27 15:11:32', 'Danse classique'),
('1153710582I', '43X1435678FGR', 15, 3, '2020-02-27 15:12:11', 'foot'),
('1153710582I', '43X1435678FGR', 15, 3, '2020-02-27 15:12:30', 'javelot'),
('1153710582I', '65H9852082LMR', 2, 18, '2020-02-27 15:20:31', 'Le moyen orient'),
('1153710582I', '65H9852082LMR', 2, 1, '2020-02-27 15:21:09', 'les relations internationales'),
('1153710582I', '65H9852082LMR', 2, 19, '2020-02-27 15:22:30', 'Le Mexique'),
('1153710582I', '65H9852082LMR', 12, 13, '2020-02-27 15:23:19', 'to be - to have'),
('1651906874F', '10D0934850JUD', 10, 5, '2020-02-27 15:16:14', 'Dérivés'),
('1651906874F', '10D0934850JUD', 10, 20, '2020-02-27 15:16:24', 'Intégrales'),
('1651906874F', '10D0934850JUD', 10, 15, '2020-02-27 15:16:45', 'Equa Diff 1er degré'),
('1651906874F', '10D0934850JUD', 10, 18, '2020-02-27 15:17:04', 'Proba'),
('1651906874F', '10D0934850JUD', 10, 18, '2020-02-27 15:17:15', 'Statistiques'),
('1651906874F', '16E0412345ABC', 5, 0, '2020-02-27 15:19:24', 'CAO'),
('1651906874F', '16E0412345ABC', 5, 6, '2020-02-27 15:19:43', 'Système embarqué'),
('1651906874F', '16E0412345ABC', 5, 11, '2020-02-27 15:20:00', 'Projet1'),
('1651906874F', '16E0412345ABC', 5, 15, '2020-02-27 15:20:06', 'Projet2'),
('1651906874F', '16E0412345ABC', 6, 11, '2020-02-27 16:48:01', 'POO'),
('1651906874F', '16E0412345ABC', 6, 16, '2020-02-27 16:50:14', 'Les arbres'),
('1651906874F', '16E0412345ABC', 6, 18, '2020-02-27 16:50:24', 'Les graphes'),
('1651906874F', '16E0412345ABC', 6, 8, '2020-02-27 16:50:35', 'projet'),
('1651906874F', '23F4572349HJR', 8, 4, '2020-02-27 15:30:05', 'La peste'),
('1651906874F', '23F4572349HJR', 8, 14, '2020-02-27 15:30:18', 'Les misérables'),
('1651906874F', '23F4572349HJR', 8, 6, '2020-02-27 15:30:53', 'Le bourgeois gentilhomme'),
('1651906874F', '43X1435678FGR', 15, 14, '2020-02-27 15:09:47', 'foot'),
('1651906874F', '43X1435678FGR', 15, 4, '2020-02-27 15:10:17', 'handball'),
('1651906874F', '43X1435678FGR', 15, 16, '2020-02-27 15:10:35', 'Danse classique'),
('1651906874F', '65H9852082LMR', 12, 10, '2020-02-27 15:24:26', 'describe a picture'),
('1651906874F', '65H9852082LMR', 12, 15, '2020-02-27 15:25:01', 'the most popular american president'),
('1651906874F', '65H9852082LMR', 12, 19, '2020-02-27 15:26:31', 'prepare for war'),
('1651906874F', '88D9481128KIF', 3, 8, '2020-02-28 14:40:23', 'Le capitalisme'),
('1651906874F', '88D9481128KIF', 3, 18, '2020-02-28 14:56:23', 'Le communisme'),
('1651906874F', '88D9481128KIF', 14, 19, '2020-02-28 14:12:23', 'La conscience'),
('1651906874F', '88D9481128KIF', 14, 20, '2020-02-29 14:12:23', 'L’inconscient'),
('2441428471I', '09C1938462GKL', 16, 7, '2020-02-27 14:18:23', 'Dissection'),
('2441428471I', '09C1938462GKL', 16, 13, '2020-03-01 14:38:23', 'Reproduction'),
('2441428471I', '09C1938462GKL', 16, 13, '2020-03-01 14:48:23', 'Géologie'),
('2441428471I', '10D0934850JUD', 10, 13, '2020-02-27 15:14:11', 'Géométrie'),
('2441428471I', '10D0934850JUD', 10, 16, '2020-02-27 15:15:20', 'Sedon degré'),
('2441428471I', '10D0934850JUD', 10, 0, '2020-02-27 15:15:40', 'Premier degré'),
('2441428471I', '16E0412345ABC', 5, 14, '2020-02-27 15:18:12', 'Electronique'),
('2441428471I', '16E0412345ABC', 5, 20, '2020-02-27 15:18:26', 'Cinématique'),
('2441428471I', '16E0412345ABC', 5, 1, '2020-02-27 15:18:47', 'Logique combinatoire'),
('2441428471I', '16E0412345ABC', 5, 4, '2020-02-27 15:19:08', 'CAO'),
('2441428471I', '16E0412345ABC', 6, 10, '2020-02-27 16:48:36', 'python'),
('2441428471I', '16E0412345ABC', 6, 6, '2020-02-27 16:48:59', 'algo'),
('2441428471I', '16E0412345ABC', 6, 15, '2020-02-27 16:49:29', 'réseau'),
('2441428471I', '16E0412345ABC', 6, 9, '2020-02-27 16:49:51', 'matériel'),
('2441428471I', '23F4572349HJR', 8, 12, '2020-02-27 15:27:14', 'synthèse de texte'),
('2441428471I', '23F4572349HJR', 8, 1, '2020-02-27 15:29:53', 'Le Misanthrope'),
('2441428471I', '43X1435678FGR', 15, 13, '2020-02-27 15:11:32', 'Danse classique'),
('2441428471I', '43X1435678FGR', 15, 5, '2020-02-27 15:12:11', 'foot'),
('2441428471I', '43X1435678FGR', 15, 8, '2020-02-27 15:12:30', 'javelot'),
('2441428471I', '65H9852082LMR', 2, 15, '2020-02-27 15:20:31', 'Le moyen orient'),
('2441428471I', '65H9852082LMR', 2, 12, '2020-02-27 15:21:09', 'les relations internationales'),
('2441428471I', '65H9852082LMR', 2, 4, '2020-02-27 15:22:30', 'Le Mexique'),
('2441428471I', '65H9852082LMR', 12, 3, '2020-02-27 15:23:19', 'to be - to have'),
('2535200491J', '10D0934850JUD', 10, 2, '2020-02-27 15:16:14', 'Dérivés'),
('2535200491J', '10D0934850JUD', 10, 13, '2020-02-27 15:16:24', 'Intégrales'),
('2535200491J', '10D0934850JUD', 10, 9, '2020-02-27 15:16:45', 'Equa Diff 1er degré'),
('2535200491J', '10D0934850JUD', 10, 14, '2020-02-27 15:17:04', 'Proba'),
('2535200491J', '10D0934850JUD', 10, 2, '2020-02-27 15:17:15', 'Statistiques'),
('2535200491J', '16E0412345ABC', 5, 7, '2020-02-27 15:19:24', 'CAO'),
('2535200491J', '16E0412345ABC', 5, 2, '2020-02-27 15:19:43', 'Système embarqué'),
('2535200491J', '16E0412345ABC', 5, 16, '2020-02-27 15:20:00', 'Projet1'),
('2535200491J', '16E0412345ABC', 5, 5, '2020-02-27 15:20:06', 'Projet2'),
('2535200491J', '16E0412345ABC', 6, 12, '2020-02-27 16:48:01', 'POO'),
('2535200491J', '16E0412345ABC', 6, 9, '2020-02-27 16:50:14', 'Les arbres'),
('2535200491J', '16E0412345ABC', 6, 11, '2020-02-27 16:50:24', 'Les graphes'),
('2535200491J', '16E0412345ABC', 6, 7, '2020-02-27 16:50:35', 'projet'),
('2535200491J', '23F4572349HJR', 8, 14, '2020-02-27 15:30:05', 'La peste'),
('2535200491J', '23F4572349HJR', 8, 1, '2020-02-27 15:30:18', 'Les misérables'),
('2535200491J', '23F4572349HJR', 8, 7, '2020-02-27 15:30:53', 'Le bourgeois gentilhomme'),
('2535200491J', '43X1435678FGR', 15, 5, '2020-02-27 15:09:47', 'foot'),
('2535200491J', '43X1435678FGR', 15, 14, '2020-02-27 15:10:17', 'handball'),
('2535200491J', '43X1435678FGR', 15, 18, '2020-02-27 15:10:35', 'Danse classique'),
('2535200491J', '65H9852082LMR', 12, 14, '2020-02-27 15:24:26', 'describe a picture'),
('2535200491J', '65H9852082LMR', 12, 9, '2020-02-27 15:25:01', 'the most popular american president'),
('2535200491J', '65H9852082LMR', 12, 7, '2020-02-27 15:26:31', 'prepare for war'),
('2535200491J', '88D9481128KIF', 3, 4, '2020-02-29 14:40:23', 'Le capitalisme'),
('2535200491J', '88D9481128KIF', 3, 15, '2020-02-29 14:56:23', 'Le communisme'),
('2535200491J', '88D9481128KIF', 14, 4, '2020-02-29 14:12:23', 'La conscience'),
('2535200491J', '88D9481128KIF', 14, 17, '2020-03-01 14:12:23', 'L’inconscient'),
('2686730399K', '43X1435678FGR', 15, 12, '2020-02-27 13:45:27', 'course'),
('2718503074S', '10D0934850JUD', 10, 20, '2020-02-27 15:16:14', 'Dérivés'),
('2718503074S', '10D0934850JUD', 10, 3, '2020-02-27 15:16:24', 'Intégrales'),
('2718503074S', '10D0934850JUD', 10, 19, '2020-02-27 15:16:45', 'Equa Diff 1er degré'),
('2718503074S', '10D0934850JUD', 10, 3, '2020-02-27 15:17:04', 'Proba'),
('2718503074S', '10D0934850JUD', 10, 9, '2020-02-27 15:17:15', 'Statistiques'),
('2718503074S', '16E0412345ABC', 5, 5, '2020-02-27 15:19:24', 'CAO'),
('2718503074S', '16E0412345ABC', 5, 6, '2020-02-27 15:19:43', 'Système embarqué'),
('2718503074S', '16E0412345ABC', 5, 13, '2020-02-27 15:20:00', 'Projet1'),
('2718503074S', '16E0412345ABC', 5, 19, '2020-02-27 15:20:06', 'Projet2'),
('2718503074S', '16E0412345ABC', 6, 5, '2020-02-27 16:48:01', 'POO'),
('2718503074S', '16E0412345ABC', 6, 16, '2020-02-27 16:50:14', 'Les arbres'),
('2718503074S', '16E0412345ABC', 6, 18, '2020-02-27 16:50:24', 'Les graphes'),
('2718503074S', '16E0412345ABC', 6, 10, '2020-02-27 16:50:35', 'projet'),
('2718503074S', '23F4572349HJR', 8, 4, '2020-02-27 15:30:05', 'La peste'),
('2718503074S', '23F4572349HJR', 8, 19, '2020-02-27 15:30:18', 'Les misérables'),
('2718503074S', '23F4572349HJR', 8, 6, '2020-02-27 15:30:53', 'Le bourgeois gentilhomme'),
('2718503074S', '43X1435678FGR', 15, 4, '2020-02-27 15:09:47', 'foot'),
('2718503074S', '43X1435678FGR', 15, 14, '2020-02-27 15:10:17', 'handball'),
('2718503074S', '43X1435678FGR', 15, 18, '2020-02-27 15:10:35', 'Danse classique'),
('2718503074S', '65H9852082LMR', 12, 6, '2020-02-27 15:24:26', 'describe a picture'),
('2718503074S', '65H9852082LMR', 12, 8, '2020-02-27 15:25:01', 'the most popular american president'),
('2718503074S', '65H9852082LMR', 12, 5, '2020-02-27 15:26:31', 'prepare for war'),
('2718503074S', '88D9481128KIF', 3, 12, '2020-03-01 14:40:23', 'Le capitalisme'),
('2718503074S', '88D9481128KIF', 3, 9, '2020-03-01 14:56:23', 'Le communisme'),
('2718503074S', '88D9481128KIF', 14, 20, '2020-03-01 14:12:23', 'La conscience'),
('2718503074S', '88D9481128KIF', 14, 12, '2020-03-02 14:12:23', 'L’inconscient'),
('2796343935H', '43X1435678FGR', 15, 12, '2020-02-27 13:45:27', 'course'),
('2851993751D', '09C1938462GKL', 16, 1, '2020-02-27 14:18:23', 'Dissection'),
('2851993751D', '09C1938462GKL', 16, 18, '2020-03-02 14:38:23', 'Reproduction'),
('2851993751D', '09C1938462GKL', 16, 18, '2020-03-02 14:48:23', 'Géologie'),
('2851993751D', '10D0934850JUD', 10, 7, '2020-02-27 15:14:11', 'Géométrie'),
('2851993751D', '10D0934850JUD', 10, 2, '2020-02-27 15:15:20', 'Sedon degré'),
('2851993751D', '10D0934850JUD', 10, 9, '2020-02-27 15:15:40', 'Premier degré'),
('2851993751D', '16E0412345ABC', 5, 16, '2020-02-27 15:18:12', 'Electronique'),
('2851993751D', '16E0412345ABC', 5, 3, '2020-02-27 15:18:26', 'Cinématique'),
('2851993751D', '16E0412345ABC', 5, 19, '2020-02-27 15:18:47', 'Logique combinatoire'),
('2851993751D', '16E0412345ABC', 5, 8, '2020-02-27 15:19:08', 'CAO'),
('2851993751D', '16E0412345ABC', 6, 16, '2020-02-27 16:48:36', 'python'),
('2851993751D', '16E0412345ABC', 6, 15, '2020-02-27 16:48:59', 'algo'),
('2851993751D', '16E0412345ABC', 6, 15, '2020-02-27 16:49:29', 'réseau'),
('2851993751D', '16E0412345ABC', 6, 16, '2020-02-27 16:49:51', 'matériel'),
('2851993751D', '23F4572349HJR', 8, 11, '2020-02-27 15:27:14', 'synthèse de texte'),
('2851993751D', '23F4572349HJR', 8, 8, '2020-02-27 15:29:53', 'Le Misanthrope'),
('2851993751D', '43X1435678FGR', 15, 17, '2020-02-27 15:11:32', 'Danse classique'),
('2851993751D', '43X1435678FGR', 15, 11, '2020-02-27 15:12:11', 'foot'),
('2851993751D', '43X1435678FGR', 15, 4, '2020-02-27 15:12:30', 'javelot'),
('2851993751D', '65H9852082LMR', 2, 4, '2020-02-27 15:20:31', 'Le moyen orient'),
('2851993751D', '65H9852082LMR', 2, 18, '2020-02-27 15:21:09', 'les relations internationales'),
('2851993751D', '65H9852082LMR', 2, 13, '2020-02-27 15:22:30', 'Le Mexique'),
('2851993751D', '65H9852082LMR', 12, 18, '2020-02-27 15:23:19', 'to be - to have'),
('3383071879O', '10D0934850JUD', 10, 19, '2020-02-27 15:16:14', 'Dérivés'),
('3383071879O', '10D0934850JUD', 10, 19, '2020-02-27 15:16:24', 'Intégrales'),
('3383071879O', '10D0934850JUD', 10, 10, '2020-02-27 15:16:45', 'Equa Diff 1er degré'),
('3383071879O', '10D0934850JUD', 10, 19, '2020-02-27 15:17:04', 'Proba'),
('3383071879O', '10D0934850JUD', 10, 16, '2020-02-27 15:17:15', 'Statistiques'),
('3383071879O', '16E0412345ABC', 5, 6, '2020-02-27 15:19:24', 'CAO'),
('3383071879O', '16E0412345ABC', 5, 6, '2020-02-27 15:19:43', 'Système embarqué'),
('3383071879O', '16E0412345ABC', 5, 0, '2020-02-27 15:20:00', 'Projet1'),
('3383071879O', '16E0412345ABC', 5, 11, '2020-02-27 15:20:06', 'Projet2'),
('3383071879O', '16E0412345ABC', 6, 13, '2020-02-27 16:48:01', 'POO'),
('3383071879O', '16E0412345ABC', 6, 19, '2020-02-27 16:50:14', 'Les arbres'),
('3383071879O', '16E0412345ABC', 6, 7, '2020-02-27 16:50:24', 'Les graphes'),
('3383071879O', '16E0412345ABC', 6, 7, '2020-02-27 16:50:35', 'projet'),
('3383071879O', '23F4572349HJR', 8, 2, '2020-02-27 15:30:05', 'La peste'),
('3383071879O', '23F4572349HJR', 8, 8, '2020-02-27 15:30:18', 'Les misérables'),
('3383071879O', '23F4572349HJR', 8, 12, '2020-02-27 15:30:53', 'Le bourgeois gentilhomme'),
('3383071879O', '43X1435678FGR', 15, 4, '2020-02-27 15:09:47', 'foot'),
('3383071879O', '43X1435678FGR', 15, 20, '2020-02-27 15:10:17', 'handball'),
('3383071879O', '43X1435678FGR', 15, 9, '2020-02-27 15:10:35', 'Danse classique'),
('3383071879O', '65H9852082LMR', 12, 17, '2020-02-27 15:24:26', 'describe a picture'),
('3383071879O', '65H9852082LMR', 12, 20, '2020-02-27 15:25:01', 'the most popular american president'),
('3383071879O', '65H9852082LMR', 12, 6, '2020-02-27 15:26:31', 'prepare for war'),
('3383071879O', '88D9481128KIF', 3, 15, '2020-03-02 14:40:23', 'Le capitalisme'),
('3383071879O', '88D9481128KIF', 3, 20, '2020-03-02 14:56:23', 'Le communisme'),
('3383071879O', '88D9481128KIF', 14, 19, '2020-03-02 14:12:23', 'La conscience'),
('3383071879O', '88D9481128KIF', 14, 20, '2020-03-03 14:12:23', 'L’inconscient'),
('3529622292W', '43X1435678FGR', 15, 12, '2020-02-27 13:45:27', 'course'),
('3733745241I', '10D0934850JUD', 10, 12, '2020-02-27 15:16:14', 'Dérivés'),
('3733745241I', '10D0934850JUD', 10, 12, '2020-02-27 15:16:24', 'Intégrales'),
('3733745241I', '10D0934850JUD', 10, 20, '2020-02-27 15:16:45', 'Equa Diff 1er degré'),
('3733745241I', '10D0934850JUD', 10, 20, '2020-02-27 15:17:04', 'Proba'),
('3733745241I', '10D0934850JUD', 10, 9, '2020-02-27 15:17:15', 'Statistiques'),
('3733745241I', '16E0412345ABC', 5, 6, '2020-02-27 15:19:24', 'CAO'),
('3733745241I', '16E0412345ABC', 5, 7, '2020-02-27 15:19:43', 'Système embarqué'),
('3733745241I', '16E0412345ABC', 5, 10, '2020-02-27 15:20:00', 'Projet1'),
('3733745241I', '16E0412345ABC', 5, 1, '2020-02-27 15:20:06', 'Projet2'),
('3733745241I', '16E0412345ABC', 6, 12, '2020-02-27 16:48:01', 'POO'),
('3733745241I', '16E0412345ABC', 6, 20, '2020-02-27 16:50:14', 'Les arbres'),
('3733745241I', '16E0412345ABC', 6, 7, '2020-02-27 16:50:24', 'Les graphes'),
('3733745241I', '16E0412345ABC', 6, 9, '2020-02-27 16:50:35', 'projet'),
('3733745241I', '23F4572349HJR', 8, 7, '2020-02-27 15:30:05', 'La peste'),
('3733745241I', '23F4572349HJR', 8, 8, '2020-02-27 15:30:18', 'Les misérables'),
('3733745241I', '23F4572349HJR', 8, 4, '2020-02-27 15:30:53', 'Le bourgeois gentilhomme'),
('3733745241I', '43X1435678FGR', 15, 3, '2020-02-27 15:09:47', 'foot'),
('3733745241I', '43X1435678FGR', 15, 19, '2020-02-27 15:10:17', 'handball'),
('3733745241I', '43X1435678FGR', 15, 5, '2020-02-27 15:10:35', 'Danse classique'),
('3733745241I', '65H9852082LMR', 12, 9, '2020-02-27 15:24:26', 'describe a picture'),
('3733745241I', '65H9852082LMR', 12, 14, '2020-02-27 15:25:01', 'the most popular american president'),
('3733745241I', '65H9852082LMR', 12, 19, '2020-02-27 15:26:31', 'prepare for war'),
('3733745241I', '88D9481128KIF', 3, 20, '2020-03-03 14:40:23', 'Le capitalisme'),
('3733745241I', '88D9481128KIF', 3, 8, '2020-03-03 14:56:23', 'Le communisme'),
('3733745241I', '88D9481128KIF', 14, 9, '2020-03-03 14:12:23', 'La conscience'),
('3733745241I', '88D9481128KIF', 14, 5, '2020-03-04 14:12:23', 'L’inconscient'),
('3803469539N', '43X1435678FGR', 15, 12, '2020-02-27 13:45:27', 'course'),
('3861066927O', '09C1938462GKL', 16, 8, '2020-02-27 14:18:23', 'Dissection'),
('3861066927O', '09C1938462GKL', 16, 11, '2020-03-03 14:38:23', 'Reproduction'),
('3861066927O', '09C1938462GKL', 16, 11, '2020-03-03 14:48:23', 'Géologie'),
('3861066927O', '10D0934850JUD', 10, 14, '2020-02-27 15:14:11', 'Géométrie'),
('3861066927O', '10D0934850JUD', 10, 0, '2020-02-27 15:15:20', 'Sedon degré'),
('3861066927O', '10D0934850JUD', 10, 10, '2020-02-27 15:15:40', 'Premier degré'),
('3861066927O', '16E0412345ABC', 5, 7, '2020-02-27 15:18:12', 'Electronique'),
('3861066927O', '16E0412345ABC', 5, 17, '2020-02-27 15:18:26', 'Cinématique'),
('3861066927O', '16E0412345ABC', 5, 17, '2020-02-27 15:18:47', 'Logique combinatoire'),
('3861066927O', '16E0412345ABC', 5, 0, '2020-02-27 15:19:08', 'CAO'),
('3861066927O', '16E0412345ABC', 6, 5, '2020-02-27 16:48:36', 'python'),
('3861066927O', '16E0412345ABC', 6, 12, '2020-02-27 16:48:59', 'algo'),
('3861066927O', '16E0412345ABC', 6, 11, '2020-02-27 16:49:29', 'réseau'),
('3861066927O', '16E0412345ABC', 6, 13, '2020-02-27 16:49:51', 'matériel'),
('3861066927O', '23F4572349HJR', 8, 4, '2020-02-27 15:27:14', 'synthèse de texte'),
('3861066927O', '23F4572349HJR', 8, 13, '2020-02-27 15:29:53', 'Le Misanthrope'),
('3861066927O', '43X1435678FGR', 15, 5, '2020-02-27 15:11:32', 'Danse classique'),
('3861066927O', '43X1435678FGR', 15, 14, '2020-02-27 15:12:11', 'foot'),
('3861066927O', '43X1435678FGR', 15, 16, '2020-02-27 15:12:30', 'javelot'),
('3861066927O', '65H9852082LMR', 2, 1, '2020-02-27 15:20:31', 'Le moyen orient'),
('3861066927O', '65H9852082LMR', 2, 17, '2020-02-27 15:21:09', 'les relations internationales'),
('3861066927O', '65H9852082LMR', 2, 19, '2020-02-27 15:22:30', 'Le Mexique'),
('3861066927O', '65H9852082LMR', 12, 13, '2020-02-27 15:23:19', 'to be - to have'),
('3908824007Z', '43X1435678FGR', 15, 12, '2020-02-27 13:45:27', 'course'),
('4174346705Z', '10D0934850JUD', 10, 9, '2020-02-27 15:16:14', 'Dérivés'),
('4174346705Z', '10D0934850JUD', 10, 13, '2020-02-27 15:16:24', 'Intégrales'),
('4174346705Z', '10D0934850JUD', 10, 3, '2020-02-27 15:16:45', 'Equa Diff 1er degré'),
('4174346705Z', '10D0934850JUD', 10, 6, '2020-02-27 15:17:04', 'Proba'),
('4174346705Z', '10D0934850JUD', 10, 2, '2020-02-27 15:17:15', 'Statistiques'),
('4174346705Z', '16E0412345ABC', 5, 19, '2020-02-27 15:19:24', 'CAO'),
('4174346705Z', '16E0412345ABC', 5, 12, '2020-02-27 15:19:43', 'Système embarqué'),
('4174346705Z', '16E0412345ABC', 5, 17, '2020-02-27 15:20:00', 'Projet1'),
('4174346705Z', '16E0412345ABC', 5, 6, '2020-02-27 15:20:06', 'Projet2'),
('4174346705Z', '16E0412345ABC', 6, 15, '2020-02-27 16:48:01', 'POO'),
('4174346705Z', '16E0412345ABC', 6, 20, '2020-02-27 16:50:14', 'Les arbres'),
('4174346705Z', '16E0412345ABC', 6, 20, '2020-02-27 16:50:24', 'Les graphes'),
('4174346705Z', '16E0412345ABC', 6, 16, '2020-02-27 16:50:35', 'projet'),
('4174346705Z', '23F4572349HJR', 8, 3, '2020-02-27 15:30:05', 'La peste'),
('4174346705Z', '23F4572349HJR', 8, 15, '2020-02-27 15:30:18', 'Les misérables'),
('4174346705Z', '23F4572349HJR', 8, 17, '2020-02-27 15:30:53', 'Le bourgeois gentilhomme'),
('4174346705Z', '43X1435678FGR', 15, 16, '2020-02-27 15:09:47', 'foot'),
('4174346705Z', '43X1435678FGR', 15, 16, '2020-02-27 15:10:17', 'handball'),
('4174346705Z', '43X1435678FGR', 15, 4, '2020-02-27 15:10:35', 'Danse classique'),
('4174346705Z', '65H9852082LMR', 12, 19, '2020-02-27 15:24:26', 'describe a picture'),
('4174346705Z', '65H9852082LMR', 12, 19, '2020-02-27 15:25:01', 'the most popular american president'),
('4174346705Z', '65H9852082LMR', 12, 11, '2020-02-27 15:26:31', 'prepare for war'),
('4174346705Z', '88D9481128KIF', 3, 17, '2020-03-04 14:40:23', 'Le capitalisme'),
('4174346705Z', '88D9481128KIF', 3, 19, '2020-03-04 14:56:23', 'Le communisme'),
('4174346705Z', '88D9481128KIF', 14, 5, '2020-03-04 14:12:23', 'La conscience'),
('4174346705Z', '88D9481128KIF', 14, 17, '2020-03-05 14:12:23', 'L’inconscient'),
('4560119731Y', '09C1938462GKL', 16, 20, '2020-02-27 14:18:23', 'Dissection'),
('4560119731Y', '09C1938462GKL', 16, 12, '2020-03-04 14:38:23', 'Reproduction'),
('4560119731Y', '09C1938462GKL', 16, 12, '2020-03-04 14:48:23', 'Géologie'),
('4560119731Y', '10D0934850JUD', 10, 2, '2020-02-27 15:14:11', 'Géométrie'),
('4560119731Y', '10D0934850JUD', 10, 18, '2020-02-27 15:15:20', 'Sedon degré'),
('4560119731Y', '10D0934850JUD', 10, 17, '2020-02-27 15:15:40', 'Premier degré'),
('4560119731Y', '16E0412345ABC', 5, 0, '2020-02-27 15:18:12', 'Electronique'),
('4560119731Y', '16E0412345ABC', 5, 15, '2020-02-27 15:18:26', 'Cinématique'),
('4560119731Y', '16E0412345ABC', 5, 5, '2020-02-27 15:18:47', 'Logique combinatoire'),
('4560119731Y', '16E0412345ABC', 5, 20, '2020-02-27 15:19:08', 'CAO'),
('4560119731Y', '16E0412345ABC', 6, 20, '2020-02-27 16:48:36', 'python'),
('4560119731Y', '16E0412345ABC', 6, 16, '2020-02-27 16:48:59', 'algo'),
('4560119731Y', '16E0412345ABC', 6, 11, '2020-02-27 16:49:29', 'réseau'),
('4560119731Y', '16E0412345ABC', 6, 9, '2020-02-27 16:49:51', 'matériel'),
('4560119731Y', '23F4572349HJR', 8, 5, '2020-02-27 15:27:14', 'synthèse de texte'),
('4560119731Y', '23F4572349HJR', 8, 1, '2020-02-27 15:29:53', 'Le Misanthrope'),
('4560119731Y', '43X1435678FGR', 15, 8, '2020-02-27 15:11:32', 'Danse classique'),
('4560119731Y', '43X1435678FGR', 15, 16, '2020-02-27 15:12:11', 'foot'),
('4560119731Y', '43X1435678FGR', 15, 3, '2020-02-27 15:12:30', 'javelot'),
('4560119731Y', '65H9852082LMR', 2, 14, '2020-02-27 15:20:31', 'Le moyen orient'),
('4560119731Y', '65H9852082LMR', 2, 15, '2020-02-27 15:21:09', 'les relations internationales'),
('4560119731Y', '65H9852082LMR', 2, 15, '2020-02-27 15:22:30', 'Le Mexique'),
('4560119731Y', '65H9852082LMR', 12, 18, '2020-02-27 15:23:19', 'to be - to have'),
('4851332822R', '09C1938462GKL', 16, 3, '2020-02-27 14:18:23', 'Dissection'),
('4851332822R', '09C1938462GKL', 16, 4, '2020-03-05 14:38:23', 'Reproduction'),
('4851332822R', '09C1938462GKL', 16, 4, '2020-03-05 14:48:23', 'Géologie'),
('4851332822R', '10D0934850JUD', 10, 4, '2020-02-27 15:14:11', 'Géométrie'),
('4851332822R', '10D0934850JUD', 10, 5, '2020-02-27 15:15:20', 'Sedon degré'),
('4851332822R', '10D0934850JUD', 10, 13, '2020-02-27 15:15:40', 'Premier degré'),
('4851332822R', '16E0412345ABC', 5, 13, '2020-02-27 15:18:12', 'Electronique'),
('4851332822R', '16E0412345ABC', 5, 12, '2020-02-27 15:18:26', 'Cinématique'),
('4851332822R', '16E0412345ABC', 5, 14, '2020-02-27 15:18:47', 'Logique combinatoire'),
('4851332822R', '16E0412345ABC', 5, 10, '2020-02-27 15:19:08', 'CAO'),
('4851332822R', '16E0412345ABC', 6, 10, '2020-02-27 16:48:36', 'python'),
('4851332822R', '16E0412345ABC', 6, 16, '2020-02-27 16:48:59', 'algo'),
('4851332822R', '16E0412345ABC', 6, 13, '2020-02-27 16:49:29', 'réseau'),
('4851332822R', '16E0412345ABC', 6, 18, '2020-02-27 16:49:51', 'matériel'),
('4851332822R', '23F4572349HJR', 8, 17, '2020-02-27 15:27:14', 'synthèse de texte'),
('4851332822R', '23F4572349HJR', 8, 4, '2020-02-27 15:29:53', 'Le Misanthrope'),
('4851332822R', '43X1435678FGR', 15, 8, '2020-02-27 15:11:32', 'Danse classique'),
('4851332822R', '43X1435678FGR', 15, 19, '2020-02-27 15:12:11', 'foot'),
('4851332822R', '43X1435678FGR', 15, 5, '2020-02-27 15:12:30', 'javelot'),
('4851332822R', '65H9852082LMR', 2, 7, '2020-02-27 15:20:31', 'Le moyen orient'),
('4851332822R', '65H9852082LMR', 2, 1, '2020-02-27 15:21:09', 'les relations internationales'),
('4851332822R', '65H9852082LMR', 2, 1, '2020-02-27 15:22:30', 'Le Mexique'),
('4851332822R', '65H9852082LMR', 12, 5, '2020-02-27 15:23:19', 'to be - to have'),
('4854613286O', '43X1435678FGR', 15, 12, '2020-02-27 13:45:27', 'course'),
('4898831557Y', '10D0934850JUD', 10, 9, '2020-02-27 15:16:14', 'Dérivés'),
('4898831557Y', '10D0934850JUD', 10, 11, '2020-02-27 15:16:24', 'Intégrales'),
('4898831557Y', '10D0934850JUD', 10, 13, '2020-02-27 15:16:45', 'Equa Diff 1er degré'),
('4898831557Y', '10D0934850JUD', 10, 3, '2020-02-27 15:17:04', 'Proba'),
('4898831557Y', '10D0934850JUD', 10, 12, '2020-02-27 15:17:15', 'Statistiques'),
('4898831557Y', '16E0412345ABC', 5, 9, '2020-02-27 15:19:24', 'CAO'),
('4898831557Y', '16E0412345ABC', 5, 10, '2020-02-27 15:19:43', 'Système embarqué'),
('4898831557Y', '16E0412345ABC', 5, 9, '2020-02-27 15:20:00', 'Projet1'),
('4898831557Y', '16E0412345ABC', 5, 13, '2020-02-27 15:20:06', 'Projet2'),
('4898831557Y', '16E0412345ABC', 6, 8, '2020-02-27 16:48:01', 'POO'),
('4898831557Y', '16E0412345ABC', 6, 6, '2020-02-27 16:50:14', 'Les arbres'),
('4898831557Y', '16E0412345ABC', 6, 19, '2020-02-27 16:50:24', 'Les graphes'),
('4898831557Y', '16E0412345ABC', 6, 7, '2020-02-27 16:50:35', 'projet'),
('4898831557Y', '23F4572349HJR', 8, 14, '2020-02-27 15:30:05', 'La peste'),
('4898831557Y', '23F4572349HJR', 8, 12, '2020-02-27 15:30:18', 'Les misérables'),
('4898831557Y', '23F4572349HJR', 8, 1, '2020-02-27 15:30:53', 'Le bourgeois gentilhomme'),
('4898831557Y', '43X1435678FGR', 15, 15, '2020-02-27 15:09:47', 'foot'),
('4898831557Y', '43X1435678FGR', 15, 1, '2020-02-27 15:10:17', 'handball'),
('4898831557Y', '43X1435678FGR', 15, 15, '2020-02-27 15:10:35', 'Danse classique'),
('4898831557Y', '65H9852082LMR', 12, 15, '2020-02-27 15:24:26', 'describe a picture'),
('4898831557Y', '65H9852082LMR', 12, 4, '2020-02-27 15:25:01', 'the most popular american president'),
('4898831557Y', '65H9852082LMR', 12, 5, '2020-02-27 15:26:31', 'prepare for war'),
('4898831557Y', '88D9481128KIF', 3, 18, '2020-03-05 14:40:23', 'Le capitalisme'),
('4898831557Y', '88D9481128KIF', 3, 4, '2020-03-05 14:56:23', 'Le communisme'),
('4898831557Y', '88D9481128KIF', 14, 6, '2020-03-05 14:12:23', 'La conscience'),
('4898831557Y', '88D9481128KIF', 14, 2, '2020-03-06 14:12:23', 'L’inconscient'),
('5120781787P', '09C1938462GKL', 16, 13, '2020-02-27 14:18:23', 'Dissection'),
('5120781787P', '09C1938462GKL', 16, 5, '2020-03-06 14:38:23', 'Reproduction'),
('5120781787P', '09C1938462GKL', 16, 5, '2020-03-06 14:48:23', 'Géologie'),
('5120781787P', '10D0934850JUD', 10, 13, '2020-02-27 15:14:11', 'Géométrie'),
('5120781787P', '10D0934850JUD', 10, 14, '2020-02-27 15:15:20', 'Sedon degré'),
('5120781787P', '10D0934850JUD', 10, 3, '2020-02-27 15:15:40', 'Premier degré'),
('5120781787P', '16E0412345ABC', 5, 18, '2020-02-27 15:18:12', 'Electronique'),
('5120781787P', '16E0412345ABC', 5, 1, '2020-02-27 15:18:26', 'Cinématique'),
('5120781787P', '16E0412345ABC', 5, 11, '2020-02-27 15:18:47', 'Logique combinatoire'),
('5120781787P', '16E0412345ABC', 5, 0, '2020-02-27 15:19:08', 'CAO'),
('5120781787P', '16E0412345ABC', 6, 5, '2020-02-27 16:48:36', 'python'),
('5120781787P', '16E0412345ABC', 6, 20, '2020-02-27 16:48:59', 'algo'),
('5120781787P', '16E0412345ABC', 6, 19, '2020-02-27 16:49:29', 'réseau'),
('5120781787P', '16E0412345ABC', 6, 19, '2020-02-27 16:49:51', 'matériel'),
('5120781787P', '23F4572349HJR', 8, 0, '2020-02-27 15:27:14', 'synthèse de texte'),
('5120781787P', '23F4572349HJR', 8, 18, '2020-02-27 15:29:53', 'Le Misanthrope'),
('5120781787P', '43X1435678FGR', 15, 14, '2020-02-27 15:11:32', 'Danse classique'),
('5120781787P', '43X1435678FGR', 15, 20, '2020-02-27 15:12:11', 'foot'),
('5120781787P', '43X1435678FGR', 15, 18, '2020-02-27 15:12:30', 'javelot'),
('5120781787P', '65H9852082LMR', 2, 13, '2020-02-27 15:20:31', 'Le moyen orient'),
('5120781787P', '65H9852082LMR', 2, 7, '2020-02-27 15:21:09', 'les relations internationales'),
('5120781787P', '65H9852082LMR', 2, 1, '2020-02-27 15:22:30', 'Le Mexique'),
('5120781787P', '65H9852082LMR', 12, 2, '2020-02-27 15:23:19', 'to be - to have'),
('5179934187H', '10D0934850JUD', 10, 4, '2020-02-27 15:16:14', 'Dérivés'),
('5179934187H', '10D0934850JUD', 10, 15, '2020-02-27 15:16:24', 'Intégrales'),
('5179934187H', '10D0934850JUD', 10, 19, '2020-02-27 15:16:45', 'Equa Diff 1er degré'),
('5179934187H', '10D0934850JUD', 10, 18, '2020-02-27 15:17:04', 'Proba'),
('5179934187H', '10D0934850JUD', 10, 20, '2020-02-27 15:17:15', 'Statistiques'),
('5179934187H', '16E0412345ABC', 5, 3, '2020-02-27 15:19:24', 'CAO'),
('5179934187H', '16E0412345ABC', 5, 20, '2020-02-27 15:19:43', 'Système embarqué'),
('5179934187H', '16E0412345ABC', 5, 14, '2020-02-27 15:20:00', 'Projet1'),
('5179934187H', '16E0412345ABC', 5, 13, '2020-02-27 15:20:06', 'Projet2'),
('5179934187H', '16E0412345ABC', 6, 10, '2020-02-27 16:48:01', 'POO'),
('5179934187H', '16E0412345ABC', 6, 16, '2020-02-27 16:50:14', 'Les arbres'),
('5179934187H', '16E0412345ABC', 6, 9, '2020-02-27 16:50:24', 'Les graphes'),
('5179934187H', '16E0412345ABC', 6, 15, '2020-02-27 16:50:35', 'projet'),
('5179934187H', '23F4572349HJR', 8, 10, '2020-02-27 15:30:05', 'La peste'),
('5179934187H', '23F4572349HJR', 8, 14, '2020-02-27 15:30:18', 'Les misérables'),
('5179934187H', '23F4572349HJR', 8, 12, '2020-02-27 15:30:53', 'Le bourgeois gentilhomme'),
('5179934187H', '43X1435678FGR', 15, 11, '2020-02-27 15:09:47', 'foot'),
('5179934187H', '43X1435678FGR', 15, 12, '2020-02-27 15:10:17', 'handball'),
('5179934187H', '43X1435678FGR', 15, 13, '2020-02-27 15:10:35', 'Danse classique'),
('5179934187H', '65H9852082LMR', 12, 8, '2020-02-27 15:24:26', 'describe a picture'),
('5179934187H', '65H9852082LMR', 12, 11, '2020-02-27 15:25:01', 'the most popular american president'),
('5179934187H', '65H9852082LMR', 12, 8, '2020-02-27 15:26:31', 'prepare for war'),
('5179934187H', '88D9481128KIF', 3, 9, '2020-03-06 14:40:23', 'Le capitalisme'),
('5179934187H', '88D9481128KIF', 3, 12, '2020-03-06 14:56:23', 'Le communisme'),
('5179934187H', '88D9481128KIF', 14, 14, '2020-03-06 14:12:23', 'La conscience'),
('5179934187H', '88D9481128KIF', 14, 5, '2020-03-07 14:12:23', 'L’inconscient'),
('5343333379A', '09C1938462GKL', 16, 10, '2020-02-27 14:18:23', 'Dissection'),
('5343333379A', '09C1938462GKL', 16, 19, '2020-03-07 14:38:23', 'Reproduction'),
('5343333379A', '09C1938462GKL', 16, 19, '2020-03-07 14:48:23', 'Géologie'),
('5343333379A', '10D0934850JUD', 10, 10, '2020-02-27 15:14:11', 'Géométrie'),
('5343333379A', '10D0934850JUD', 10, 11, '2020-02-27 15:15:20', 'Sedon degré'),
('5343333379A', '10D0934850JUD', 10, 7, '2020-02-27 15:15:40', 'Premier degré'),
('5343333379A', '16E0412345ABC', 5, 20, '2020-02-27 15:18:12', 'Electronique'),
('5343333379A', '16E0412345ABC', 5, 15, '2020-02-27 15:18:26', 'Cinématique'),
('5343333379A', '16E0412345ABC', 5, 5, '2020-02-27 15:18:47', 'Logique combinatoire'),
('5343333379A', '16E0412345ABC', 5, 4, '2020-02-27 15:19:08', 'CAO'),
('5343333379A', '16E0412345ABC', 6, 13, '2020-02-27 16:48:36', 'python'),
('5343333379A', '16E0412345ABC', 6, 8, '2020-02-27 16:48:59', 'algo'),
('5343333379A', '16E0412345ABC', 6, 12, '2020-02-27 16:49:29', 'réseau'),
('5343333379A', '16E0412345ABC', 6, 13, '2020-02-27 16:49:51', 'matériel'),
('5343333379A', '23F4572349HJR', 8, 5, '2020-02-27 15:27:14', 'synthèse de texte'),
('5343333379A', '23F4572349HJR', 8, 14, '2020-02-27 15:29:53', 'Le Misanthrope'),
('5343333379A', '43X1435678FGR', 15, 11, '2020-02-27 15:11:32', 'Danse classique'),
('5343333379A', '43X1435678FGR', 15, 3, '2020-02-27 15:12:11', 'foot'),
('5343333379A', '43X1435678FGR', 15, 10, '2020-02-27 15:12:30', 'javelot'),
('5343333379A', '65H9852082LMR', 2, 17, '2020-02-27 15:20:31', 'Le moyen orient'),
('5343333379A', '65H9852082LMR', 2, 7, '2020-02-27 15:21:09', 'les relations internationales'),
('5343333379A', '65H9852082LMR', 2, 5, '2020-02-27 15:22:30', 'Le Mexique'),
('5343333379A', '65H9852082LMR', 12, 18, '2020-02-27 15:23:19', 'to be - to have'),
('5648032370T', '10D0934850JUD', 10, 18, '2020-02-27 15:16:14', 'Dérivés'),
('5648032370T', '10D0934850JUD', 10, 17, '2020-02-27 15:16:24', 'Intégrales'),
('5648032370T', '10D0934850JUD', 10, 7, '2020-02-27 15:16:45', 'Equa Diff 1er degré'),
('5648032370T', '10D0934850JUD', 10, 9, '2020-02-27 15:17:04', 'Proba'),
('5648032370T', '10D0934850JUD', 10, 16, '2020-02-27 15:17:15', 'Statistiques'),
('5648032370T', '16E0412345ABC', 5, 0, '2020-02-27 15:19:24', 'CAO'),
('5648032370T', '16E0412345ABC', 5, 11, '2020-02-27 15:19:43', 'Système embarqué'),
('5648032370T', '16E0412345ABC', 5, 6, '2020-02-27 15:20:00', 'Projet1'),
('5648032370T', '16E0412345ABC', 5, 5, '2020-02-27 15:20:06', 'Projet2'),
('5648032370T', '16E0412345ABC', 6, 9, '2020-02-27 16:48:01', 'POO'),
('5648032370T', '16E0412345ABC', 6, 16, '2020-02-27 16:50:14', 'Les arbres'),
('5648032370T', '16E0412345ABC', 6, 16, '2020-02-27 16:50:24', 'Les graphes'),
('5648032370T', '16E0412345ABC', 6, 18, '2020-02-27 16:50:35', 'projet'),
('5648032370T', '23F4572349HJR', 8, 6, '2020-02-27 15:30:05', 'La peste'),
('5648032370T', '23F4572349HJR', 8, 5, '2020-02-27 15:30:18', 'Les misérables'),
('5648032370T', '23F4572349HJR', 8, 3, '2020-02-27 15:30:53', 'Le bourgeois gentilhomme'),
('5648032370T', '43X1435678FGR', 15, 17, '2020-02-27 15:09:47', 'foot'),
('5648032370T', '43X1435678FGR', 15, 15, '2020-02-27 15:10:17', 'handball'),
('5648032370T', '43X1435678FGR', 15, 1, '2020-02-27 15:10:35', 'Danse classique'),
('5648032370T', '65H9852082LMR', 12, 2, '2020-02-27 15:24:26', 'describe a picture'),
('5648032370T', '65H9852082LMR', 12, 8, '2020-02-27 15:25:01', 'the most popular american president'),
('5648032370T', '65H9852082LMR', 12, 14, '2020-02-27 15:26:31', 'prepare for war'),
('5648032370T', '88D9481128KIF', 3, 13, '2020-03-07 14:40:23', 'Le capitalisme'),
('5648032370T', '88D9481128KIF', 3, 9, '2020-03-07 14:56:23', 'Le communisme'),
('5648032370T', '88D9481128KIF', 14, 0, '2020-03-07 14:12:23', 'La conscience'),
('5648032370T', '88D9481128KIF', 14, 11, '2020-03-08 14:12:23', 'L’inconscient'),
('5781597011T', '09C1938462GKL', 16, 20, '2020-02-27 14:18:23', 'Dissection'),
('5781597011T', '09C1938462GKL', 16, 7, '2020-03-08 14:38:23', 'Reproduction'),
('5781597011T', '09C1938462GKL', 16, 7, '2020-03-08 14:48:23', 'Géologie'),
('5781597011T', '10D0934850JUD', 10, 7, '2020-02-27 15:14:11', 'Géométrie'),
('5781597011T', '10D0934850JUD', 10, 17, '2020-02-27 15:15:20', 'Sedon degré'),
('5781597011T', '10D0934850JUD', 10, 13, '2020-02-27 15:15:40', 'Premier degré'),
('5781597011T', '16E0412345ABC', 5, 1, '2020-02-27 15:18:12', 'Electronique'),
('5781597011T', '16E0412345ABC', 5, 8, '2020-02-27 15:18:26', 'Cinématique'),
('5781597011T', '16E0412345ABC', 5, 4, '2020-02-27 15:18:47', 'Logique combinatoire'),
('5781597011T', '16E0412345ABC', 5, 13, '2020-02-27 15:19:08', 'CAO'),
('5781597011T', '16E0412345ABC', 6, 12, '2020-02-27 16:48:36', 'python'),
('5781597011T', '16E0412345ABC', 6, 6, '2020-02-27 16:48:59', 'algo'),
('5781597011T', '16E0412345ABC', 6, 17, '2020-02-27 16:49:29', 'réseau'),
('5781597011T', '16E0412345ABC', 6, 19, '2020-02-27 16:49:51', 'matériel'),
('5781597011T', '23F4572349HJR', 8, 1, '2020-02-27 15:27:14', 'synthèse de texte'),
('5781597011T', '23F4572349HJR', 8, 12, '2020-02-27 15:29:53', 'Le Misanthrope'),
('5781597011T', '43X1435678FGR', 15, 17, '2020-02-27 15:11:32', 'Danse classique'),
('5781597011T', '43X1435678FGR', 15, 5, '2020-02-27 15:12:11', 'foot'),
('5781597011T', '43X1435678FGR', 15, 20, '2020-02-27 15:12:30', 'javelot'),
('5781597011T', '65H9852082LMR', 2, 20, '2020-02-27 15:20:31', 'Le moyen orient'),
('5781597011T', '65H9852082LMR', 2, 17, '2020-02-27 15:21:09', 'les relations internationales'),
('5781597011T', '65H9852082LMR', 2, 18, '2020-02-27 15:22:30', 'Le Mexique'),
('5781597011T', '65H9852082LMR', 12, 10, '2020-02-27 15:23:19', 'to be - to have'),
('5816576571K', '43X1435678FGR', 15, 12, '2020-02-27 13:45:27', 'course'),
('6390782651A', '09C1938462GKL', 16, 1, '2020-02-27 14:18:23', 'Dissection'),
('6390782651A', '09C1938462GKL', 16, 1, '2020-03-09 14:38:23', 'Reproduction'),
('6390782651A', '09C1938462GKL', 16, 1, '2020-03-09 14:48:23', 'Géologie'),
('6390782651A', '10D0934850JUD', 10, 19, '2020-02-27 15:14:11', 'Géométrie'),
('6390782651A', '10D0934850JUD', 10, 0, '2020-02-27 15:15:20', 'Sedon degré'),
('6390782651A', '10D0934850JUD', 10, 4, '2020-02-27 15:15:40', 'Premier degré'),
('6390782651A', '16E0412345ABC', 5, 0, '2020-02-27 15:18:12', 'Electronique'),
('6390782651A', '16E0412345ABC', 5, 20, '2020-02-27 15:18:26', 'Cinématique'),
('6390782651A', '16E0412345ABC', 5, 20, '2020-02-27 15:18:47', 'Logique combinatoire'),
('6390782651A', '16E0412345ABC', 5, 7, '2020-02-27 15:19:08', 'CAO'),
('6390782651A', '16E0412345ABC', 6, 13, '2020-02-27 16:48:36', 'python'),
('6390782651A', '16E0412345ABC', 6, 10, '2020-02-27 16:48:59', 'algo'),
('6390782651A', '16E0412345ABC', 6, 16, '2020-02-27 16:49:29', 'réseau'),
('6390782651A', '16E0412345ABC', 6, 17, '2020-02-27 16:49:51', 'matériel'),
('6390782651A', '23F4572349HJR', 8, 17, '2020-02-27 15:27:14', 'synthèse de texte'),
('6390782651A', '23F4572349HJR', 8, 17, '2020-02-27 15:29:53', 'Le Misanthrope'),
('6390782651A', '43X1435678FGR', 15, 13, '2020-02-27 15:11:32', 'Danse classique'),
('6390782651A', '43X1435678FGR', 15, 2, '2020-02-27 15:12:11', 'foot'),
('6390782651A', '43X1435678FGR', 15, 2, '2020-02-27 15:12:30', 'javelot'),
('6390782651A', '65H9852082LMR', 2, 17, '2020-02-27 15:20:31', 'Le moyen orient'),
('6390782651A', '65H9852082LMR', 2, 6, '2020-02-27 15:21:09', 'les relations internationales'),
('6390782651A', '65H9852082LMR', 2, 18, '2020-02-27 15:22:30', 'Le Mexique'),
('6390782651A', '65H9852082LMR', 12, 13, '2020-02-27 15:23:19', 'to be - to have'),
('6444910659D', '10D0934850JUD', 10, 5, '2020-02-27 15:16:14', 'Dérivés'),
('6444910659D', '10D0934850JUD', 10, 16, '2020-02-27 15:16:24', 'Intégrales'),
('6444910659D', '10D0934850JUD', 10, 7, '2020-02-27 15:16:45', 'Equa Diff 1er degré'),
('6444910659D', '10D0934850JUD', 10, 6, '2020-02-27 15:17:04', 'Proba'),
('6444910659D', '10D0934850JUD', 10, 17, '2020-02-27 15:17:15', 'Statistiques'),
('6444910659D', '16E0412345ABC', 5, 10, '2020-02-27 15:19:24', 'CAO'),
('6444910659D', '16E0412345ABC', 5, 5, '2020-02-27 15:19:43', 'Système embarqué'),
('6444910659D', '16E0412345ABC', 5, 4, '2020-02-27 15:20:00', 'Projet1'),
('6444910659D', '16E0412345ABC', 5, 11, '2020-02-27 15:20:06', 'Projet2'),
('6444910659D', '16E0412345ABC', 6, 6, '2020-02-27 16:48:01', 'POO'),
('6444910659D', '16E0412345ABC', 6, 6, '2020-02-27 16:50:14', 'Les arbres'),
('6444910659D', '16E0412345ABC', 6, 6, '2020-02-27 16:50:24', 'Les graphes'),
('6444910659D', '16E0412345ABC', 6, 13, '2020-02-27 16:50:35', 'projet'),
('6444910659D', '23F4572349HJR', 8, 16, '2020-02-27 15:30:05', 'La peste'),
('6444910659D', '23F4572349HJR', 8, 8, '2020-02-27 15:30:18', 'Les misérables'),
('6444910659D', '23F4572349HJR', 8, 16, '2020-02-27 15:30:53', 'Le bourgeois gentilhomme'),
('6444910659D', '43X1435678FGR', 15, 9, '2020-02-27 15:09:47', 'foot'),
('6444910659D', '43X1435678FGR', 15, 14, '2020-02-27 15:10:17', 'handball'),
('6444910659D', '43X1435678FGR', 15, 2, '2020-02-27 15:10:35', 'Danse classique'),
('6444910659D', '65H9852082LMR', 12, 5, '2020-02-27 15:24:26', 'describe a picture'),
('6444910659D', '65H9852082LMR', 12, 5, '2020-02-27 15:25:01', 'the most popular american president'),
('6444910659D', '65H9852082LMR', 12, 12, '2020-02-27 15:26:31', 'prepare for war'),
('6444910659D', '88D9481128KIF', 3, 13, '2020-03-08 14:40:23', 'Le capitalisme'),
('6444910659D', '88D9481128KIF', 3, 9, '2020-03-08 14:56:23', 'Le communisme'),
('6444910659D', '88D9481128KIF', 14, 16, '2020-03-08 14:12:23', 'La conscience'),
('6444910659D', '88D9481128KIF', 14, 6, '2020-03-09 14:12:23', 'L’inconscient'),
('6470659584N', '09C1938462GKL', 16, 16, '2020-02-27 14:18:23', 'Dissection'),
('6470659584N', '09C1938462GKL', 16, 10, '2020-03-10 14:38:23', 'Reproduction'),
('6470659584N', '09C1938462GKL', 16, 10, '2020-03-10 14:48:23', 'Géologie'),
('6470659584N', '10D0934850JUD', 10, 14, '2020-02-27 15:14:11', 'Géométrie'),
('6470659584N', '10D0934850JUD', 10, 15, '2020-02-27 15:15:20', 'Sedon degré'),
('6470659584N', '10D0934850JUD', 10, 1, '2020-02-27 15:15:40', 'Premier degré'),
('6470659584N', '16E0412345ABC', 5, 12, '2020-02-27 15:18:12', 'Electronique'),
('6470659584N', '16E0412345ABC', 5, 4, '2020-02-27 15:18:26', 'Cinématique'),
('6470659584N', '16E0412345ABC', 5, 6, '2020-02-27 15:18:47', 'Logique combinatoire'),
('6470659584N', '16E0412345ABC', 5, 10, '2020-02-27 15:19:08', 'CAO'),
('6470659584N', '16E0412345ABC', 6, 7, '2020-02-27 16:48:36', 'python'),
('6470659584N', '16E0412345ABC', 6, 12, '2020-02-27 16:48:59', 'algo'),
('6470659584N', '16E0412345ABC', 6, 19, '2020-02-27 16:49:29', 'réseau'),
('6470659584N', '16E0412345ABC', 6, 13, '2020-02-27 16:49:51', 'matériel'),
('6470659584N', '23F4572349HJR', 8, 13, '2020-02-27 15:27:14', 'synthèse de texte'),
('6470659584N', '23F4572349HJR', 8, 19, '2020-02-27 15:29:53', 'Le Misanthrope'),
('6470659584N', '43X1435678FGR', 15, 2, '2020-02-27 15:11:32', 'Danse classique'),
('6470659584N', '43X1435678FGR', 15, 0, '2020-02-27 15:12:11', 'foot'),
('6470659584N', '43X1435678FGR', 15, 8, '2020-02-27 15:12:30', 'javelot'),
('6470659584N', '65H9852082LMR', 2, 3, '2020-02-27 15:20:31', 'Le moyen orient'),
('6470659584N', '65H9852082LMR', 2, 5, '2020-02-27 15:21:09', 'les relations internationales'),
('6470659584N', '65H9852082LMR', 2, 0, '2020-02-27 15:22:30', 'Le Mexique'),
('6470659584N', '65H9852082LMR', 12, 15, '2020-02-27 15:23:19', 'to be - to have'),
('6681352565P', '43X1435678FGR', 15, 12, '2020-02-27 13:45:27', 'course'),
('6804655559N', '43X1435678FGR', 15, 12, '2020-02-27 13:45:27', 'course'),
('7010470425Y', '10D0934850JUD', 10, 8, '2020-02-27 15:16:14', 'Dérivés'),
('7010470425Y', '10D0934850JUD', 10, 2, '2020-02-27 15:16:24', 'Intégrales'),
('7010470425Y', '10D0934850JUD', 10, 11, '2020-02-27 15:16:45', 'Equa Diff 1er degré'),
('7010470425Y', '10D0934850JUD', 10, 13, '2020-02-27 15:17:04', 'Proba'),
('7010470425Y', '10D0934850JUD', 10, 3, '2020-02-27 15:17:15', 'Statistiques'),
('7010470425Y', '16E0412345ABC', 5, 2, '2020-02-27 15:19:24', 'CAO'),
('7010470425Y', '16E0412345ABC', 5, 19, '2020-02-27 15:19:43', 'Système embarqué'),
('7010470425Y', '16E0412345ABC', 5, 19, '2020-02-27 15:20:00', 'Projet1'),
('7010470425Y', '16E0412345ABC', 5, 8, '2020-02-27 15:20:06', 'Projet2'),
('7010470425Y', '16E0412345ABC', 6, 8, '2020-02-27 16:48:01', 'POO'),
('7010470425Y', '16E0412345ABC', 6, 20, '2020-02-27 16:50:14', 'Les arbres'),
('7010470425Y', '16E0412345ABC', 6, 5, '2020-02-27 16:50:24', 'Les graphes'),
('7010470425Y', '16E0412345ABC', 6, 8, '2020-02-27 16:50:35', 'projet'),
('7010470425Y', '23F4572349HJR', 8, 6, '2020-02-27 15:30:05', 'La peste'),
('7010470425Y', '23F4572349HJR', 8, 11, '2020-02-27 15:30:18', 'Les misérables'),
('7010470425Y', '23F4572349HJR', 8, 16, '2020-02-27 15:30:53', 'Le bourgeois gentilhomme'),
('7010470425Y', '43X1435678FGR', 15, 3, '2020-02-27 15:09:47', 'foot'),
('7010470425Y', '43X1435678FGR', 15, 9, '2020-02-27 15:10:17', 'handball'),
('7010470425Y', '43X1435678FGR', 15, 7, '2020-02-27 15:10:35', 'Danse classique'),
('7010470425Y', '65H9852082LMR', 12, 14, '2020-02-27 15:24:26', 'describe a picture'),
('7010470425Y', '65H9852082LMR', 12, 10, '2020-02-27 15:25:01', 'the most popular american president'),
('7010470425Y', '65H9852082LMR', 12, 2, '2020-02-27 15:26:31', 'prepare for war'),
('7010470425Y', '88D9481128KIF', 3, 10, '2020-03-09 14:40:23', 'Le capitalisme'),
('7010470425Y', '88D9481128KIF', 3, 8, '2020-03-09 14:56:23', 'Le communisme'),
('7010470425Y', '88D9481128KIF', 14, 0, '2020-03-09 14:12:23', 'La conscience'),
('7010470425Y', '88D9481128KIF', 14, 15, '2020-03-10 14:12:23', 'L’inconscient'),
('7023234644F', '10D0934850JUD', 10, 7, '2020-02-27 15:16:14', 'Dérivés'),
('7023234644F', '10D0934850JUD', 10, 4, '2020-02-27 15:16:24', 'Intégrales'),
('7023234644F', '10D0934850JUD', 10, 11, '2020-02-27 15:16:45', 'Equa Diff 1er degré'),
('7023234644F', '10D0934850JUD', 10, 5, '2020-02-27 15:17:04', 'Proba'),
('7023234644F', '10D0934850JUD', 10, 7, '2020-02-27 15:17:15', 'Statistiques'),
('7023234644F', '16E0412345ABC', 5, 17, '2020-02-27 15:19:24', 'CAO'),
('7023234644F', '16E0412345ABC', 5, 3, '2020-02-27 15:19:43', 'Système embarqué'),
('7023234644F', '16E0412345ABC', 5, 7, '2020-02-27 15:20:00', 'Projet1'),
('7023234644F', '16E0412345ABC', 5, 8, '2020-02-27 15:20:06', 'Projet2'),
('7023234644F', '16E0412345ABC', 6, 5, '2020-02-27 16:48:01', 'POO'),
('7023234644F', '16E0412345ABC', 6, 6, '2020-02-27 16:50:14', 'Les arbres'),
('7023234644F', '16E0412345ABC', 6, 7, '2020-02-27 16:50:24', 'Les graphes'),
('7023234644F', '16E0412345ABC', 6, 20, '2020-02-27 16:50:35', 'projet'),
('7023234644F', '23F4572349HJR', 8, 6, '2020-02-27 15:30:05', 'La peste'),
('7023234644F', '23F4572349HJR', 8, 16, '2020-02-27 15:30:18', 'Les misérables'),
('7023234644F', '23F4572349HJR', 8, 16, '2020-02-27 15:30:53', 'Le bourgeois gentilhomme'),
('7023234644F', '43X1435678FGR', 15, 10, '2020-02-27 15:09:47', 'foot'),
('7023234644F', '43X1435678FGR', 15, 18, '2020-02-27 15:10:17', 'handball'),
('7023234644F', '43X1435678FGR', 15, 11, '2020-02-27 15:10:35', 'Danse classique'),
('7023234644F', '65H9852082LMR', 12, 17, '2020-02-27 15:24:26', 'describe a picture'),
('7023234644F', '65H9852082LMR', 12, 0, '2020-02-27 15:25:01', 'the most popular american president'),
('7023234644F', '65H9852082LMR', 12, 14, '2020-02-27 15:26:31', 'prepare for war'),
('7023234644F', '88D9481128KIF', 3, 3, '2020-03-10 14:40:23', 'Le capitalisme');
INSERT INTO `a_obtenu` (`id_eleve`, `id_professeur`, `id_matiere`, `note`, `date`, `devoir`) VALUES
('7023234644F', '88D9481128KIF', 3, 5, '2020-03-10 14:56:23', 'Le communisme'),
('7023234644F', '88D9481128KIF', 14, 20, '2020-03-10 14:12:23', 'La conscience'),
('7023234644F', '88D9481128KIF', 14, 0, '2020-03-11 14:12:23', 'L’inconscient'),
('7159534111N', '09C1938462GKL', 16, 0, '2020-02-27 14:18:23', 'Dissection'),
('7159534111N', '09C1938462GKL', 16, 0, '2020-03-11 14:38:23', 'Reproduction'),
('7159534111N', '09C1938462GKL', 16, 0, '2020-03-11 14:48:23', 'Géologie'),
('7159534111N', '10D0934850JUD', 10, 12, '2020-02-27 15:14:11', 'Géométrie'),
('7159534111N', '10D0934850JUD', 10, 11, '2020-02-27 15:15:20', 'Sedon degré'),
('7159534111N', '10D0934850JUD', 10, 1, '2020-02-27 15:15:40', 'Premier degré'),
('7159534111N', '16E0412345ABC', 5, 1, '2020-02-27 15:18:12', 'Electronique'),
('7159534111N', '16E0412345ABC', 5, 8, '2020-02-27 15:18:26', 'Cinématique'),
('7159534111N', '16E0412345ABC', 5, 18, '2020-02-27 15:18:47', 'Logique combinatoire'),
('7159534111N', '16E0412345ABC', 5, 20, '2020-02-27 15:19:08', 'CAO'),
('7159534111N', '16E0412345ABC', 6, 6, '2020-02-27 16:48:36', 'python'),
('7159534111N', '16E0412345ABC', 6, 11, '2020-02-27 16:48:59', 'algo'),
('7159534111N', '16E0412345ABC', 6, 16, '2020-02-27 16:49:29', 'réseau'),
('7159534111N', '16E0412345ABC', 6, 10, '2020-02-27 16:49:51', 'matériel'),
('7159534111N', '23F4572349HJR', 8, 20, '2020-02-27 15:27:14', 'synthèse de texte'),
('7159534111N', '23F4572349HJR', 8, 15, '2020-02-27 15:29:53', 'Le Misanthrope'),
('7159534111N', '43X1435678FGR', 15, 17, '2020-02-27 15:11:32', 'Danse classique'),
('7159534111N', '43X1435678FGR', 15, 20, '2020-02-27 15:12:11', 'foot'),
('7159534111N', '43X1435678FGR', 15, 10, '2020-02-27 15:12:30', 'javelot'),
('7159534111N', '65H9852082LMR', 2, 12, '2020-02-27 15:20:31', 'Le moyen orient'),
('7159534111N', '65H9852082LMR', 2, 4, '2020-02-27 15:21:09', 'les relations internationales'),
('7159534111N', '65H9852082LMR', 2, 1, '2020-02-27 15:22:30', 'Le Mexique'),
('7159534111N', '65H9852082LMR', 12, 0, '2020-02-27 15:23:19', 'to be - to have'),
('7205136990S', '10D0934850JUD', 10, 2, '2020-02-27 15:16:14', 'Dérivés'),
('7205136990S', '10D0934850JUD', 10, 1, '2020-02-27 15:16:24', 'Intégrales'),
('7205136990S', '10D0934850JUD', 10, 17, '2020-02-27 15:16:45', 'Equa Diff 1er degré'),
('7205136990S', '10D0934850JUD', 10, 4, '2020-02-27 15:17:04', 'Proba'),
('7205136990S', '10D0934850JUD', 10, 2, '2020-02-27 15:17:15', 'Statistiques'),
('7205136990S', '16E0412345ABC', 5, 17, '2020-02-27 15:19:24', 'CAO'),
('7205136990S', '16E0412345ABC', 5, 6, '2020-02-27 15:19:43', 'Système embarqué'),
('7205136990S', '16E0412345ABC', 5, 13, '2020-02-27 15:20:00', 'Projet1'),
('7205136990S', '16E0412345ABC', 5, 16, '2020-02-27 15:20:06', 'Projet2'),
('7205136990S', '16E0412345ABC', 6, 20, '2020-02-27 16:48:01', 'POO'),
('7205136990S', '16E0412345ABC', 6, 13, '2020-02-27 16:50:14', 'Les arbres'),
('7205136990S', '16E0412345ABC', 6, 15, '2020-02-27 16:50:24', 'Les graphes'),
('7205136990S', '16E0412345ABC', 6, 14, '2020-02-27 16:50:35', 'projet'),
('7205136990S', '23F4572349HJR', 8, 0, '2020-02-27 15:30:05', 'La peste'),
('7205136990S', '23F4572349HJR', 8, 10, '2020-02-27 15:30:18', 'Les misérables'),
('7205136990S', '23F4572349HJR', 8, 11, '2020-02-27 15:30:53', 'Le bourgeois gentilhomme'),
('7205136990S', '43X1435678FGR', 15, 4, '2020-02-27 15:09:47', 'foot'),
('7205136990S', '43X1435678FGR', 15, 4, '2020-02-27 15:10:17', 'handball'),
('7205136990S', '43X1435678FGR', 15, 18, '2020-02-27 15:10:35', 'Danse classique'),
('7205136990S', '65H9852082LMR', 12, 19, '2020-02-27 15:24:26', 'describe a picture'),
('7205136990S', '65H9852082LMR', 12, 4, '2020-02-27 15:25:01', 'the most popular american president'),
('7205136990S', '65H9852082LMR', 12, 17, '2020-02-27 15:26:31', 'prepare for war'),
('7205136990S', '88D9481128KIF', 3, 7, '2020-03-11 14:40:23', 'Le capitalisme'),
('7205136990S', '88D9481128KIF', 3, 2, '2020-03-11 14:56:23', 'Le communisme'),
('7205136990S', '88D9481128KIF', 14, 3, '2020-03-11 14:12:23', 'La conscience'),
('7205136990S', '88D9481128KIF', 14, 7, '2020-03-12 14:12:23', 'L’inconscient'),
('7258225936S', '09C1938462GKL', 16, 17, '2020-02-27 14:18:23', 'Dissection'),
('7258225936S', '09C1938462GKL', 16, 7, '2020-03-12 14:38:23', 'Reproduction'),
('7258225936S', '09C1938462GKL', 16, 7, '2020-03-12 14:48:23', 'Géologie'),
('7258225936S', '10D0934850JUD', 10, 15, '2020-02-27 15:14:11', 'Géométrie'),
('7258225936S', '10D0934850JUD', 10, 3, '2020-02-27 15:15:20', 'Sedon degré'),
('7258225936S', '10D0934850JUD', 10, 5, '2020-02-27 15:15:40', 'Premier degré'),
('7258225936S', '16E0412345ABC', 5, 20, '2020-02-27 15:18:12', 'Electronique'),
('7258225936S', '16E0412345ABC', 5, 0, '2020-02-27 15:18:26', 'Cinématique'),
('7258225936S', '16E0412345ABC', 5, 1, '2020-02-27 15:18:47', 'Logique combinatoire'),
('7258225936S', '16E0412345ABC', 5, 9, '2020-02-27 15:19:08', 'CAO'),
('7258225936S', '16E0412345ABC', 6, 16, '2020-02-27 16:48:36', 'python'),
('7258225936S', '16E0412345ABC', 6, 19, '2020-02-27 16:48:59', 'algo'),
('7258225936S', '16E0412345ABC', 6, 5, '2020-02-27 16:49:29', 'réseau'),
('7258225936S', '16E0412345ABC', 6, 8, '2020-02-27 16:49:51', 'matériel'),
('7258225936S', '23F4572349HJR', 8, 12, '2020-02-27 15:27:14', 'synthèse de texte'),
('7258225936S', '23F4572349HJR', 8, 4, '2020-02-27 15:29:53', 'Le Misanthrope'),
('7258225936S', '43X1435678FGR', 15, 4, '2020-02-27 15:11:32', 'Danse classique'),
('7258225936S', '43X1435678FGR', 15, 19, '2020-02-27 15:12:11', 'foot'),
('7258225936S', '43X1435678FGR', 15, 17, '2020-02-27 15:12:30', 'javelot'),
('7258225936S', '65H9852082LMR', 2, 4, '2020-02-27 15:20:31', 'Le moyen orient'),
('7258225936S', '65H9852082LMR', 2, 11, '2020-02-27 15:21:09', 'les relations internationales'),
('7258225936S', '65H9852082LMR', 2, 1, '2020-02-27 15:22:30', 'Le Mexique'),
('7258225936S', '65H9852082LMR', 12, 10, '2020-02-27 15:23:19', 'to be - to have'),
('7272702498C', '43X1435678FGR', 15, 12, '2020-02-27 13:45:27', 'course'),
('7456290342V', '10D0934850JUD', 10, 17, '2020-02-27 15:16:14', 'Dérivés'),
('7456290342V', '10D0934850JUD', 10, 4, '2020-02-27 15:16:24', 'Intégrales'),
('7456290342V', '10D0934850JUD', 10, 15, '2020-02-27 15:16:45', 'Equa Diff 1er degré'),
('7456290342V', '10D0934850JUD', 10, 15, '2020-02-27 15:17:04', 'Proba'),
('7456290342V', '10D0934850JUD', 10, 12, '2020-02-27 15:17:15', 'Statistiques'),
('7456290342V', '16E0412345ABC', 5, 16, '2020-02-27 15:19:24', 'CAO'),
('7456290342V', '16E0412345ABC', 5, 19, '2020-02-27 15:19:43', 'Système embarqué'),
('7456290342V', '16E0412345ABC', 5, 1, '2020-02-27 15:20:00', 'Projet1'),
('7456290342V', '16E0412345ABC', 5, 11, '2020-02-27 15:20:06', 'Projet2'),
('7456290342V', '16E0412345ABC', 6, 7, '2020-02-27 16:48:01', 'POO'),
('7456290342V', '16E0412345ABC', 6, 16, '2020-02-27 16:50:14', 'Les arbres'),
('7456290342V', '16E0412345ABC', 6, 13, '2020-02-27 16:50:24', 'Les graphes'),
('7456290342V', '16E0412345ABC', 6, 5, '2020-02-27 16:50:35', 'projet'),
('7456290342V', '23F4572349HJR', 8, 5, '2020-02-27 15:30:05', 'La peste'),
('7456290342V', '23F4572349HJR', 8, 2, '2020-02-27 15:30:18', 'Les misérables'),
('7456290342V', '23F4572349HJR', 8, 18, '2020-02-27 15:30:53', 'Le bourgeois gentilhomme'),
('7456290342V', '43X1435678FGR', 15, 4, '2020-02-27 15:09:47', 'foot'),
('7456290342V', '43X1435678FGR', 15, 15, '2020-02-27 15:10:17', 'handball'),
('7456290342V', '43X1435678FGR', 15, 18, '2020-02-27 15:10:35', 'Danse classique'),
('7456290342V', '65H9852082LMR', 12, 17, '2020-02-27 15:24:26', 'describe a picture'),
('7456290342V', '65H9852082LMR', 12, 9, '2020-02-27 15:25:01', 'the most popular american president'),
('7456290342V', '65H9852082LMR', 12, 5, '2020-02-27 15:26:31', 'prepare for war'),
('7456290342V', '88D9481128KIF', 3, 6, '2020-03-12 14:40:23', 'Le capitalisme'),
('7456290342V', '88D9481128KIF', 3, 5, '2020-03-12 14:56:23', 'Le communisme'),
('7456290342V', '88D9481128KIF', 14, 9, '2020-03-12 14:12:23', 'La conscience'),
('7456290342V', '88D9481128KIF', 14, 3, '2020-03-13 14:12:23', 'L’inconscient'),
('7768553553A', '43X1435678FGR', 15, 12, '2020-02-27 13:45:27', 'course'),
('7925018985U', '10D0934850JUD', 10, 11, '2020-02-27 15:16:14', 'Dérivés'),
('7925018985U', '10D0934850JUD', 10, 15, '2020-02-27 15:16:24', 'Intégrales'),
('7925018985U', '10D0934850JUD', 10, 14, '2020-02-27 15:16:45', 'Equa Diff 1er degré'),
('7925018985U', '10D0934850JUD', 10, 6, '2020-02-27 15:17:04', 'Proba'),
('7925018985U', '10D0934850JUD', 10, 13, '2020-02-27 15:17:15', 'Statistiques'),
('7925018985U', '16E0412345ABC', 5, 14, '2020-02-27 15:19:24', 'CAO'),
('7925018985U', '16E0412345ABC', 5, 15, '2020-02-27 15:19:43', 'Système embarqué'),
('7925018985U', '16E0412345ABC', 5, 16, '2020-02-27 15:20:00', 'Projet1'),
('7925018985U', '16E0412345ABC', 5, 10, '2020-02-27 15:20:06', 'Projet2'),
('7925018985U', '16E0412345ABC', 6, 7, '2020-02-27 16:48:01', 'POO'),
('7925018985U', '16E0412345ABC', 6, 20, '2020-02-27 16:50:14', 'Les arbres'),
('7925018985U', '16E0412345ABC', 6, 11, '2020-02-27 16:50:24', 'Les graphes'),
('7925018985U', '16E0412345ABC', 6, 19, '2020-02-27 16:50:35', 'projet'),
('7925018985U', '23F4572349HJR', 8, 8, '2020-02-27 15:30:05', 'La peste'),
('7925018985U', '23F4572349HJR', 8, 14, '2020-02-27 15:30:18', 'Les misérables'),
('7925018985U', '23F4572349HJR', 8, 1, '2020-02-27 15:30:53', 'Le bourgeois gentilhomme'),
('7925018985U', '43X1435678FGR', 15, 15, '2020-02-27 15:09:47', 'foot'),
('7925018985U', '43X1435678FGR', 15, 5, '2020-02-27 15:10:17', 'handball'),
('7925018985U', '43X1435678FGR', 15, 20, '2020-02-27 15:10:35', 'Danse classique'),
('7925018985U', '65H9852082LMR', 12, 18, '2020-02-27 15:24:26', 'describe a picture'),
('7925018985U', '65H9852082LMR', 12, 17, '2020-02-27 15:25:01', 'the most popular american president'),
('7925018985U', '65H9852082LMR', 12, 7, '2020-02-27 15:26:31', 'prepare for war'),
('7925018985U', '88D9481128KIF', 3, 1, '2020-03-13 14:40:23', 'Le capitalisme'),
('7925018985U', '88D9481128KIF', 3, 0, '2020-03-13 14:56:23', 'Le communisme'),
('7925018985U', '88D9481128KIF', 14, 5, '2020-03-13 14:12:23', 'La conscience'),
('7925018985U', '88D9481128KIF', 14, 6, '2020-03-14 14:12:23', 'L’inconscient'),
('7943274111P', '43X1435678FGR', 15, 12, '2020-02-27 13:45:27', 'course'),
('8005193722W', '43X1435678FGR', 15, 12, '2020-02-27 13:45:27', 'course'),
('8076398296M', '43X1435678FGR', 15, 12, '2020-02-27 13:45:27', 'course'),
('8101425985L', '43X1435678FGR', 15, 12, '2020-02-27 13:45:27', 'course'),
('8134108048M', '09C1938462GKL', 16, 7, '2020-02-27 14:18:23', 'Dissection'),
('8134108048M', '09C1938462GKL', 16, 8, '2020-03-13 14:38:23', 'Reproduction'),
('8134108048M', '09C1938462GKL', 16, 8, '2020-03-13 14:48:23', 'Géologie'),
('8134108048M', '10D0934850JUD', 10, 4, '2020-02-27 15:14:11', 'Géométrie'),
('8134108048M', '10D0934850JUD', 10, 13, '2020-02-27 15:15:20', 'Sedon degré'),
('8134108048M', '10D0934850JUD', 10, 2, '2020-02-27 15:15:40', 'Premier degré'),
('8134108048M', '16E0412345ABC', 5, 15, '2020-02-27 15:18:12', 'Electronique'),
('8134108048M', '16E0412345ABC', 5, 17, '2020-02-27 15:18:26', 'Cinématique'),
('8134108048M', '16E0412345ABC', 5, 5, '2020-02-27 15:18:47', 'Logique combinatoire'),
('8134108048M', '16E0412345ABC', 5, 15, '2020-02-27 15:19:08', 'CAO'),
('8134108048M', '16E0412345ABC', 6, 19, '2020-02-27 16:48:36', 'python'),
('8134108048M', '16E0412345ABC', 6, 6, '2020-02-27 16:48:59', 'algo'),
('8134108048M', '16E0412345ABC', 6, 12, '2020-02-27 16:49:29', 'réseau'),
('8134108048M', '16E0412345ABC', 6, 5, '2020-02-27 16:49:51', 'matériel'),
('8134108048M', '23F4572349HJR', 8, 17, '2020-02-27 15:27:14', 'synthèse de texte'),
('8134108048M', '23F4572349HJR', 8, 15, '2020-02-27 15:29:53', 'Le Misanthrope'),
('8134108048M', '43X1435678FGR', 15, 14, '2020-02-27 15:11:32', 'Danse classique'),
('8134108048M', '43X1435678FGR', 15, 18, '2020-02-27 15:12:11', 'foot'),
('8134108048M', '43X1435678FGR', 15, 17, '2020-02-27 15:12:30', 'javelot'),
('8134108048M', '65H9852082LMR', 2, 11, '2020-02-27 15:20:31', 'Le moyen orient'),
('8134108048M', '65H9852082LMR', 2, 20, '2020-02-27 15:21:09', 'les relations internationales'),
('8134108048M', '65H9852082LMR', 2, 7, '2020-02-27 15:22:30', 'Le Mexique'),
('8134108048M', '65H9852082LMR', 12, 20, '2020-02-27 15:23:19', 'to be - to have'),
('8193097168N', '10D0934850JUD', 10, 19, '2020-02-27 15:16:14', 'Dérivés'),
('8193097168N', '10D0934850JUD', 10, 16, '2020-02-27 15:16:24', 'Intégrales'),
('8193097168N', '10D0934850JUD', 10, 0, '2020-02-27 15:16:45', 'Equa Diff 1er degré'),
('8193097168N', '10D0934850JUD', 10, 14, '2020-02-27 15:17:04', 'Proba'),
('8193097168N', '10D0934850JUD', 10, 10, '2020-02-27 15:17:15', 'Statistiques'),
('8193097168N', '16E0412345ABC', 5, 13, '2020-02-27 15:19:24', 'CAO'),
('8193097168N', '16E0412345ABC', 5, 12, '2020-02-27 15:19:43', 'Système embarqué'),
('8193097168N', '16E0412345ABC', 5, 10, '2020-02-27 15:20:00', 'Projet1'),
('8193097168N', '16E0412345ABC', 5, 17, '2020-02-27 15:20:06', 'Projet2'),
('8193097168N', '16E0412345ABC', 6, 17, '2020-02-27 16:48:01', 'POO'),
('8193097168N', '16E0412345ABC', 6, 15, '2020-02-27 16:50:14', 'Les arbres'),
('8193097168N', '16E0412345ABC', 6, 19, '2020-02-27 16:50:24', 'Les graphes'),
('8193097168N', '16E0412345ABC', 6, 11, '2020-02-27 16:50:35', 'projet'),
('8193097168N', '23F4572349HJR', 8, 10, '2020-02-27 15:30:05', 'La peste'),
('8193097168N', '23F4572349HJR', 8, 9, '2020-02-27 15:30:18', 'Les misérables'),
('8193097168N', '23F4572349HJR', 8, 14, '2020-02-27 15:30:53', 'Le bourgeois gentilhomme'),
('8193097168N', '43X1435678FGR', 15, 5, '2020-02-27 15:09:47', 'foot'),
('8193097168N', '43X1435678FGR', 15, 0, '2020-02-27 15:10:17', 'handball'),
('8193097168N', '43X1435678FGR', 15, 15, '2020-02-27 15:10:35', 'Danse classique'),
('8193097168N', '65H9852082LMR', 12, 20, '2020-02-27 15:24:26', 'describe a picture'),
('8193097168N', '65H9852082LMR', 12, 8, '2020-02-27 15:25:01', 'the most popular american president'),
('8193097168N', '65H9852082LMR', 12, 10, '2020-02-27 15:26:31', 'prepare for war'),
('8193097168N', '88D9481128KIF', 3, 14, '2020-03-14 14:40:23', 'Le capitalisme'),
('8193097168N', '88D9481128KIF', 3, 12, '2020-03-14 14:56:23', 'Le communisme'),
('8193097168N', '88D9481128KIF', 14, 19, '2020-03-14 14:12:23', 'La conscience'),
('8193097168N', '88D9481128KIF', 14, 2, '2020-03-15 14:12:23', 'L’inconscient'),
('8295121066O', '09C1938462GKL', 16, 11, '2020-02-27 14:18:23', 'Dissection'),
('8295121066O', '09C1938462GKL', 16, 14, '2020-03-14 14:38:23', 'Reproduction'),
('8295121066O', '09C1938462GKL', 16, 14, '2020-03-14 14:48:23', 'Géologie'),
('8295121066O', '10D0934850JUD', 10, 5, '2020-02-27 15:14:11', 'Géométrie'),
('8295121066O', '10D0934850JUD', 10, 10, '2020-02-27 15:15:20', 'Sedon degré'),
('8295121066O', '10D0934850JUD', 10, 4, '2020-02-27 15:15:40', 'Premier degré'),
('8295121066O', '16E0412345ABC', 5, 5, '2020-02-27 15:18:12', 'Electronique'),
('8295121066O', '16E0412345ABC', 5, 3, '2020-02-27 15:18:26', 'Cinématique'),
('8295121066O', '16E0412345ABC', 5, 4, '2020-02-27 15:18:47', 'Logique combinatoire'),
('8295121066O', '16E0412345ABC', 5, 15, '2020-02-27 15:19:08', 'CAO'),
('8295121066O', '16E0412345ABC', 6, 6, '2020-02-27 16:48:36', 'python'),
('8295121066O', '16E0412345ABC', 6, 10, '2020-02-27 16:48:59', 'algo'),
('8295121066O', '16E0412345ABC', 6, 7, '2020-02-27 16:49:29', 'réseau'),
('8295121066O', '16E0412345ABC', 6, 12, '2020-02-27 16:49:51', 'matériel'),
('8295121066O', '23F4572349HJR', 8, 14, '2020-02-27 15:27:14', 'synthèse de texte'),
('8295121066O', '23F4572349HJR', 8, 3, '2020-02-27 15:29:53', 'Le Misanthrope'),
('8295121066O', '43X1435678FGR', 15, 16, '2020-02-27 15:11:32', 'Danse classique'),
('8295121066O', '43X1435678FGR', 15, 1, '2020-02-27 15:12:11', 'foot'),
('8295121066O', '43X1435678FGR', 15, 12, '2020-02-27 15:12:30', 'javelot'),
('8295121066O', '65H9852082LMR', 2, 19, '2020-02-27 15:20:31', 'Le moyen orient'),
('8295121066O', '65H9852082LMR', 2, 20, '2020-02-27 15:21:09', 'les relations internationales'),
('8295121066O', '65H9852082LMR', 2, 8, '2020-02-27 15:22:30', 'Le Mexique'),
('8295121066O', '65H9852082LMR', 12, 11, '2020-02-27 15:23:19', 'to be - to have'),
('8350652994M', '09C1938462GKL', 16, 17, '2020-02-27 14:18:23', 'Dissection'),
('8350652994M', '09C1938462GKL', 16, 9, '2020-03-15 14:38:23', 'Reproduction'),
('8350652994M', '09C1938462GKL', 16, 9, '2020-03-15 14:48:23', 'Géologie'),
('8350652994M', '10D0934850JUD', 10, 20, '2020-02-27 15:14:11', 'Géométrie'),
('8350652994M', '10D0934850JUD', 10, 15, '2020-02-27 15:15:20', 'Sedon degré'),
('8350652994M', '10D0934850JUD', 10, 5, '2020-02-27 15:15:40', 'Premier degré'),
('8350652994M', '16E0412345ABC', 5, 4, '2020-02-27 15:18:12', 'Electronique'),
('8350652994M', '16E0412345ABC', 5, 9, '2020-02-27 15:18:26', 'Cinématique'),
('8350652994M', '16E0412345ABC', 5, 8, '2020-02-27 15:18:47', 'Logique combinatoire'),
('8350652994M', '16E0412345ABC', 5, 20, '2020-02-27 15:19:08', 'CAO'),
('8350652994M', '16E0412345ABC', 6, 13, '2020-02-27 16:48:36', 'python'),
('8350652994M', '16E0412345ABC', 6, 7, '2020-02-27 16:48:59', 'algo'),
('8350652994M', '16E0412345ABC', 6, 15, '2020-02-27 16:49:29', 'réseau'),
('8350652994M', '16E0412345ABC', 6, 13, '2020-02-27 16:49:51', 'matériel'),
('8350652994M', '23F4572349HJR', 8, 1, '2020-02-27 15:27:14', 'synthèse de texte'),
('8350652994M', '23F4572349HJR', 8, 3, '2020-02-27 15:29:53', 'Le Misanthrope'),
('8350652994M', '43X1435678FGR', 15, 17, '2020-02-27 15:11:32', 'Danse classique'),
('8350652994M', '43X1435678FGR', 15, 18, '2020-02-27 15:12:11', 'foot'),
('8350652994M', '43X1435678FGR', 15, 2, '2020-02-27 15:12:30', 'javelot'),
('8350652994M', '65H9852082LMR', 2, 19, '2020-02-27 15:20:31', 'Le moyen orient'),
('8350652994M', '65H9852082LMR', 2, 11, '2020-02-27 15:21:09', 'les relations internationales'),
('8350652994M', '65H9852082LMR', 2, 2, '2020-02-27 15:22:30', 'Le Mexique'),
('8350652994M', '65H9852082LMR', 12, 12, '2020-02-27 15:23:19', 'to be - to have'),
('8622085995O', '09C1938462GKL', 16, 6, '2020-02-27 14:18:23', 'Dissection'),
('8622085995O', '09C1938462GKL', 16, 14, '2020-03-16 14:38:23', 'Reproduction'),
('8622085995O', '09C1938462GKL', 16, 14, '2020-03-16 14:48:23', 'Géologie'),
('8622085995O', '10D0934850JUD', 10, 18, '2020-02-27 15:14:11', 'Géométrie'),
('8622085995O', '10D0934850JUD', 10, 11, '2020-02-27 15:15:20', 'Sedon degré'),
('8622085995O', '10D0934850JUD', 10, 13, '2020-02-27 15:15:40', 'Premier degré'),
('8622085995O', '16E0412345ABC', 5, 14, '2020-02-27 15:18:12', 'Electronique'),
('8622085995O', '16E0412345ABC', 5, 12, '2020-02-27 15:18:26', 'Cinématique'),
('8622085995O', '16E0412345ABC', 5, 8, '2020-02-27 15:18:47', 'Logique combinatoire'),
('8622085995O', '16E0412345ABC', 5, 20, '2020-02-27 15:19:08', 'CAO'),
('8622085995O', '16E0412345ABC', 6, 8, '2020-02-27 16:48:36', 'python'),
('8622085995O', '16E0412345ABC', 6, 7, '2020-02-27 16:48:59', 'algo'),
('8622085995O', '16E0412345ABC', 6, 9, '2020-02-27 16:49:29', 'réseau'),
('8622085995O', '16E0412345ABC', 6, 17, '2020-02-27 16:49:51', 'matériel'),
('8622085995O', '23F4572349HJR', 8, 4, '2020-02-27 15:27:14', 'synthèse de texte'),
('8622085995O', '23F4572349HJR', 8, 10, '2020-02-27 15:29:53', 'Le Misanthrope'),
('8622085995O', '43X1435678FGR', 15, 19, '2020-02-27 15:11:32', 'Danse classique'),
('8622085995O', '43X1435678FGR', 15, 14, '2020-02-27 15:12:11', 'foot'),
('8622085995O', '43X1435678FGR', 15, 1, '2020-02-27 15:12:30', 'javelot'),
('8622085995O', '65H9852082LMR', 2, 2, '2020-02-27 15:20:31', 'Le moyen orient'),
('8622085995O', '65H9852082LMR', 2, 9, '2020-02-27 15:21:09', 'les relations internationales'),
('8622085995O', '65H9852082LMR', 2, 17, '2020-02-27 15:22:30', 'Le Mexique'),
('8622085995O', '65H9852082LMR', 12, 5, '2020-02-27 15:23:19', 'to be - to have'),
('8674288810L', '10D0934850JUD', 10, 6, '2020-02-27 15:16:14', 'Dérivés'),
('8674288810L', '10D0934850JUD', 10, 0, '2020-02-27 15:16:24', 'Intégrales'),
('8674288810L', '10D0934850JUD', 10, 20, '2020-02-27 15:16:45', 'Equa Diff 1er degré'),
('8674288810L', '10D0934850JUD', 10, 0, '2020-02-27 15:17:04', 'Proba'),
('8674288810L', '10D0934850JUD', 10, 14, '2020-02-27 15:17:15', 'Statistiques'),
('8674288810L', '16E0412345ABC', 5, 9, '2020-02-27 15:19:24', 'CAO'),
('8674288810L', '16E0412345ABC', 5, 0, '2020-02-27 15:19:43', 'Système embarqué'),
('8674288810L', '16E0412345ABC', 5, 4, '2020-02-27 15:20:00', 'Projet1'),
('8674288810L', '16E0412345ABC', 5, 17, '2020-02-27 15:20:06', 'Projet2'),
('8674288810L', '16E0412345ABC', 6, 17, '2020-02-27 16:48:01', 'POO'),
('8674288810L', '16E0412345ABC', 6, 10, '2020-02-27 16:50:14', 'Les arbres'),
('8674288810L', '16E0412345ABC', 6, 17, '2020-02-27 16:50:24', 'Les graphes'),
('8674288810L', '16E0412345ABC', 6, 16, '2020-02-27 16:50:35', 'projet'),
('8674288810L', '23F4572349HJR', 8, 2, '2020-02-27 15:30:05', 'La peste'),
('8674288810L', '23F4572349HJR', 8, 10, '2020-02-27 15:30:18', 'Les misérables'),
('8674288810L', '23F4572349HJR', 8, 16, '2020-02-27 15:30:53', 'Le bourgeois gentilhomme'),
('8674288810L', '43X1435678FGR', 15, 19, '2020-02-27 15:09:47', 'foot'),
('8674288810L', '43X1435678FGR', 15, 12, '2020-02-27 15:10:17', 'handball'),
('8674288810L', '43X1435678FGR', 15, 14, '2020-02-27 15:10:35', 'Danse classique'),
('8674288810L', '65H9852082LMR', 12, 15, '2020-02-27 15:24:26', 'describe a picture'),
('8674288810L', '65H9852082LMR', 12, 11, '2020-02-27 15:25:01', 'the most popular american president'),
('8674288810L', '65H9852082LMR', 12, 2, '2020-02-27 15:26:31', 'prepare for war'),
('8674288810L', '88D9481128KIF', 3, 19, '2020-03-15 14:40:23', 'Le capitalisme'),
('8674288810L', '88D9481128KIF', 3, 18, '2020-03-15 14:56:23', 'Le communisme'),
('8674288810L', '88D9481128KIF', 14, 11, '2020-03-15 14:12:23', 'La conscience'),
('8674288810L', '88D9481128KIF', 14, 2, '2020-03-16 14:12:23', 'L’inconscient'),
('8708894230N', '43X1435678FGR', 15, 14, '2020-02-27 13:45:27', 'course'),
('8723318178H', '43X1435678FGR', 15, 12, '2020-02-27 13:45:27', 'course'),
('8918706025V', '10D0934850JUD', 10, 12, '2020-02-27 15:16:14', 'Dérivés'),
('8918706025V', '10D0934850JUD', 10, 5, '2020-02-27 15:16:24', 'Intégrales'),
('8918706025V', '10D0934850JUD', 10, 20, '2020-02-27 15:16:45', 'Equa Diff 1er degré'),
('8918706025V', '10D0934850JUD', 10, 5, '2020-02-27 15:17:04', 'Proba'),
('8918706025V', '10D0934850JUD', 10, 10, '2020-02-27 15:17:15', 'Statistiques'),
('8918706025V', '16E0412345ABC', 5, 3, '2020-02-27 15:19:24', 'CAO'),
('8918706025V', '16E0412345ABC', 5, 0, '2020-02-27 15:19:43', 'Système embarqué'),
('8918706025V', '16E0412345ABC', 5, 14, '2020-02-27 15:20:00', 'Projet1'),
('8918706025V', '16E0412345ABC', 5, 14, '2020-02-27 15:20:06', 'Projet2'),
('8918706025V', '16E0412345ABC', 6, 20, '2020-02-27 16:48:01', 'POO'),
('8918706025V', '16E0412345ABC', 6, 19, '2020-02-27 16:50:14', 'Les arbres'),
('8918706025V', '16E0412345ABC', 6, 10, '2020-02-27 16:50:24', 'Les graphes'),
('8918706025V', '16E0412345ABC', 6, 7, '2020-02-27 16:50:35', 'projet'),
('8918706025V', '23F4572349HJR', 8, 7, '2020-02-27 15:30:05', 'La peste'),
('8918706025V', '23F4572349HJR', 8, 12, '2020-02-27 15:30:18', 'Les misérables'),
('8918706025V', '23F4572349HJR', 8, 5, '2020-02-27 15:30:53', 'Le bourgeois gentilhomme'),
('8918706025V', '43X1435678FGR', 15, 9, '2020-02-27 15:09:47', 'foot'),
('8918706025V', '43X1435678FGR', 15, 12, '2020-02-27 15:10:17', 'handball'),
('8918706025V', '43X1435678FGR', 15, 7, '2020-02-27 15:10:35', 'Danse classique'),
('8918706025V', '65H9852082LMR', 12, 19, '2020-02-27 15:24:26', 'describe a picture'),
('8918706025V', '65H9852082LMR', 12, 16, '2020-02-27 15:25:01', 'the most popular american president'),
('8918706025V', '65H9852082LMR', 12, 0, '2020-02-27 15:26:31', 'prepare for war'),
('8918706025V', '88D9481128KIF', 3, 12, '2020-03-16 14:40:23', 'Le capitalisme'),
('8918706025V', '88D9481128KIF', 3, 11, '2020-03-16 14:56:23', 'Le communisme'),
('8918706025V', '88D9481128KIF', 14, 8, '2020-03-16 14:12:23', 'La conscience'),
('8918706025V', '88D9481128KIF', 14, 17, '2020-03-17 14:12:23', 'L’inconscient'),
('9533330833A', '10D0934850JUD', 10, 7, '2020-02-27 15:16:14', 'Dérivés'),
('9533330833A', '10D0934850JUD', 10, 15, '2020-02-27 15:16:24', 'Intégrales'),
('9533330833A', '10D0934850JUD', 10, 8, '2020-02-27 15:16:45', 'Equa Diff 1er degré'),
('9533330833A', '10D0934850JUD', 10, 15, '2020-02-27 15:17:04', 'Proba'),
('9533330833A', '10D0934850JUD', 10, 7, '2020-02-27 15:17:15', 'Statistiques'),
('9533330833A', '16E0412345ABC', 5, 9, '2020-02-27 15:19:24', 'CAO'),
('9533330833A', '16E0412345ABC', 5, 18, '2020-02-27 15:19:43', 'Système embarqué'),
('9533330833A', '16E0412345ABC', 5, 13, '2020-02-27 15:20:00', 'Projet1'),
('9533330833A', '16E0412345ABC', 5, 0, '2020-02-27 15:20:06', 'Projet2'),
('9533330833A', '16E0412345ABC', 6, 14, '2020-02-27 16:48:01', 'POO'),
('9533330833A', '16E0412345ABC', 6, 8, '2020-02-27 16:50:14', 'Les arbres'),
('9533330833A', '16E0412345ABC', 6, 20, '2020-02-27 16:50:24', 'Les graphes'),
('9533330833A', '16E0412345ABC', 6, 13, '2020-02-27 16:50:35', 'projet'),
('9533330833A', '23F4572349HJR', 8, 8, '2020-02-27 15:30:05', 'La peste'),
('9533330833A', '23F4572349HJR', 8, 19, '2020-02-27 15:30:18', 'Les misérables'),
('9533330833A', '23F4572349HJR', 8, 0, '2020-02-27 15:30:53', 'Le bourgeois gentilhomme'),
('9533330833A', '43X1435678FGR', 15, 14, '2020-02-27 15:09:47', 'foot'),
('9533330833A', '43X1435678FGR', 15, 18, '2020-02-27 15:10:17', 'handball'),
('9533330833A', '43X1435678FGR', 15, 3, '2020-02-27 15:10:35', 'Danse classique'),
('9533330833A', '65H9852082LMR', 12, 4, '2020-02-27 15:24:26', 'describe a picture'),
('9533330833A', '65H9852082LMR', 12, 3, '2020-02-27 15:25:01', 'the most popular american president'),
('9533330833A', '65H9852082LMR', 12, 16, '2020-02-27 15:26:31', 'prepare for war'),
('9533330833A', '88D9481128KIF', 3, 0, '2020-03-17 14:40:23', 'Le capitalisme'),
('9533330833A', '88D9481128KIF', 3, 11, '2020-03-17 14:56:23', 'Le communisme'),
('9533330833A', '88D9481128KIF', 14, 13, '2020-03-17 14:12:23', 'La conscience'),
('9533330833A', '88D9481128KIF', 14, 11, '2020-03-18 14:12:23', 'L’inconscient'),
('9551311510R', '43X1435678FGR', 15, 12, '2020-02-27 13:45:27', 'course'),
('9606529178O', '43X1435678FGR', 15, 12, '2020-02-27 13:45:27', 'course'),
('9832593785Z', '09C1938462GKL', 16, 11, '2020-02-27 14:18:23', 'Dissection'),
('9832593785Z', '09C1938462GKL', 16, 15, '2020-03-17 14:38:23', 'Reproduction'),
('9832593785Z', '09C1938462GKL', 16, 15, '2020-03-17 14:48:23', 'Géologie'),
('9832593785Z', '10D0934850JUD', 10, 15, '2020-02-27 15:14:11', 'Géométrie'),
('9832593785Z', '10D0934850JUD', 10, 6, '2020-02-27 15:15:20', 'Sedon degré'),
('9832593785Z', '10D0934850JUD', 10, 12, '2020-02-27 15:15:40', 'Premier degré'),
('9832593785Z', '16E0412345ABC', 5, 8, '2020-02-27 15:18:12', 'Electronique'),
('9832593785Z', '16E0412345ABC', 5, 15, '2020-02-27 15:18:26', 'Cinématique'),
('9832593785Z', '16E0412345ABC', 5, 20, '2020-02-27 15:18:47', 'Logique combinatoire'),
('9832593785Z', '16E0412345ABC', 5, 10, '2020-02-27 15:19:08', 'CAO'),
('9832593785Z', '16E0412345ABC', 6, 10, '2020-02-27 16:48:36', 'python'),
('9832593785Z', '16E0412345ABC', 6, 13, '2020-02-27 16:48:59', 'algo'),
('9832593785Z', '16E0412345ABC', 6, 17, '2020-02-27 16:49:29', 'réseau'),
('9832593785Z', '16E0412345ABC', 6, 14, '2020-02-27 16:49:51', 'matériel'),
('9832593785Z', '23F4572349HJR', 8, 4, '2020-02-27 15:27:14', 'synthèse de texte'),
('9832593785Z', '23F4572349HJR', 8, 19, '2020-02-27 15:29:53', 'Le Misanthrope'),
('9832593785Z', '43X1435678FGR', 15, 12, '2020-02-27 15:11:32', 'Danse classique'),
('9832593785Z', '43X1435678FGR', 15, 18, '2020-02-27 15:12:11', 'foot'),
('9832593785Z', '43X1435678FGR', 15, 10, '2020-02-27 15:12:30', 'javelot'),
('9832593785Z', '65H9852082LMR', 2, 5, '2020-02-27 15:20:31', 'Le moyen orient'),
('9832593785Z', '65H9852082LMR', 2, 8, '2020-02-27 15:21:09', 'les relations internationales'),
('9832593785Z', '65H9852082LMR', 2, 15, '2020-02-27 15:22:30', 'Le Mexique'),
('9832593785Z', '65H9852082LMR', 12, 12, '2020-02-27 15:23:19', 'to be - to have'),
('9857653831F', '43X1435678FGR', 15, 12, '2020-02-27 13:45:27', 'course');

-- --------------------------------------------------------

--
-- Structure de la table `Classe`
--

CREATE TABLE `Classe` (
  `id_classe` varchar(30) NOT NULL,
  `nom` varchar(30) NOT NULL,
  `niveau` varchar(30) DEFAULT NULL,
  `annee` int(11) DEFAULT NULL,
  `id_professeur` varchar(13) DEFAULT NULL
) ENGINE=InnoDB DEFAULT CHARSET=utf8;

--
-- Contenu de la table `Classe`
--

INSERT INTO `Classe` (`id_classe`, `nom`, `niveau`, `annee`, `id_professeur`) VALUES
('1G1_20', '1G1', 'Première', 2020, NULL),
('1G2_20', '1G2', 'Première', 2020, NULL),
('1G3_20', '1G3', 'Première', 2020, NULL),
('2G1_20', '2G1', 'Seconde', 2020, NULL),
('2G2_20', '2G2', 'Seconde', 2020, NULL),
('2G3_20', '2G3', 'Seconde', 2020, NULL),
('TG1_20', 'TG1', 'Terminale', 2020, NULL),
('TG2_20', 'TG2', 'Terminale', 2020, NULL),
('TG3_20', 'TG3', 'Terminale', 2020, NULL);

-- --------------------------------------------------------

--
-- Structure de la table `Eleve`
--

CREATE TABLE `Eleve` (
  `id_eleve` varchar(11) NOT NULL,
  `nom_eleve` varchar(30) DEFAULT NULL,
  `prenom_eleve` varchar(30) DEFAULT NULL,
  `id_classe` varchar(30) DEFAULT NULL
) ENGINE=InnoDB DEFAULT CHARSET=utf8;

--
-- Contenu de la table `Eleve`
--

INSERT INTO `Eleve` (`id_eleve`, `nom_eleve`, `prenom_eleve`, `id_classe`) VALUES
('0123456789E', 'ZEBUTH', 'Abel', '1G2_20'),
('0987654321D', 'PECHEUR', 'Martin', 'TG3_20'),
('1005031979M', 'LACOUVAIRTURMEGRATT', 'Sandra', '1G1_20'),
('1066403511L', 'HANKULBIEN', 'Akim', '1G1_20'),
('1086863879K', 'HEA', 'Aline', '2G1_20'),
('1087475541R', 'GUEULSULCAROTEVERAMIEUX', 'Colette', '1G2_20'),
('1094872327N', 'ABELOUBA', 'Habib', '1G2_20'),
('1111663476U', 'OFFRÈZE', 'Charlotte', 'TG1_20'),
('1147927516X', 'CEHEFFSEPOSSIBLE', 'Hassan', '1G2_20'),
('1153710582I', 'GENDARMERY', 'Quentin', '1G1_20'),
('1201647458I', 'FAICHIEZ', 'Akim', '2G1_20'),
('1307661172D', 'KIVIVE', 'Abraham', 'TG3_20'),
('1365296268T', 'BEGUINPOURELLE', 'Jules', '2G1_20'),
('1369405678F', 'DEUX', 'Pierre', 'TG3_20'),
('1380454119B', 'ELLANTAITE', 'Marthe', '1G2_20'),
('1536819775C', 'LAVOATUR', 'Igor', '1G3_20'),
('1619744409A', 'LAPAY', 'Vishnou', '1G2_20'),
('1651906874F', 'BEBEQUE', 'Nadine', 'TG1_20'),
('1713102509C', 'CAMAN', 'Mehdi', '2G1_20'),
('1762426580A', 'LAVALLEE', 'Eva', '1G3_20'),
('1772632639D', 'LANDEMIN', 'Roméo', '1G3_20'),
('1821564360M', 'ELORAFROI', 'Sandra', 'TG2_20'),
('1ZE34564334', 'GARCIN', 'Lazare', '1G2_20'),
('2084795782U', 'ZONA', 'Harry', '1G3_20'),
('2185250155B', 'ZLEUMUR', 'Lara', '2G1_20'),
('2227669802J', 'ULACHIER', 'Hélène', '2G1_20'),
('2441428471I', 'DANSTONCOSTUMENEUFMONFILS', 'Thibaud', '1G1_20'),
('2535200491J', 'LA', 'Marion', 'TG1_20'),
('2621755432N', 'EVENT', 'Gilles', '1G2_20'),
('2686730399K', 'REUJOHJOH', 'Olaf', '2G2_20'),
('2712962192X', 'ENOT', 'Hugues', 'TG3_20'),
('2718503074S', 'SLYPEUCHKAÏ', 'Philémon', 'TG1_20'),
('2739064805K', 'LAPELOUSE', 'Gaston', '1G3_20'),
('2796343935H', 'ENCHIE', 'Eva', '2G2_20'),
('2851993751D', 'TIMES', 'Vincent', '1G1_20'),
('2947987837T', 'GOKIRI', 'Denis', '1G2_20'),
('3254456835X', 'DOR', 'Louis', 'TG3_20'),
('3311743054B', 'MAINSURLAGUEUL', 'Emma', '1G2_20'),
('3356326612R', 'DEVOTREPRESENCE', 'Honoré', 'TG3_20'),
('3381461168F', 'DEHURLEVAN', 'Léo', 'TG2_20'),
('3383071879O', 'MAYFAIDUR', 'Fabien', 'TG1_20'),
('3394620473W', 'PUE', 'Laurence', 'TG3_20'),
('3396801276I', 'KOEURDELABOTT', 'Roméo', 'TG3_20'),
('3442311737I', 'FRIGOSKEUTAPRI', 'Roméo', '1G3_20'),
('3529622292W', 'JEMILLEPIEDEDANS', 'Ahmed', '2G2_20'),
('3593819679C', 'LAPEL', 'Laura', '1G3_20'),
('3621096278Y', 'ALOR', 'Aubin', 'TG3_20'),
('3660201968U', 'DANLTAS', 'Alphonse', '1G2_20'),
('3733745241I', 'HORAIS', 'Rick', 'TG1_20'),
('3751827960R', 'GELIVRE', 'Edith', '1G3_20'),
('3803469539N', 'ABAGAGE', 'Massoud', '2G2_20'),
('3852496176R', 'ABISSONFOR', 'César', '1G2_20'),
('3861066927O', 'BEURGUEUR', 'Cochise', '1G1_20'),
('3890672014T', 'ETDESOVETAGE', 'Gilles', '1G3_20'),
('3908810351C', 'LAVOIX', 'Claire', '1G3_20'),
('3908824007Z', 'HEA', 'Aline', '2G2_20'),
('4126854750L', 'FONTAINEALLAH', 'Claire', '2G1_20'),
('4174346705Z', 'DENTISTAICHGUEUL', 'Michel', 'TG1_20'),
('4518105516A', 'YKLOCAL', 'Anastasie', '2G1_20'),
('4532913258K', 'ASSIN', 'Marc', 'TG3_20'),
('4560119731Y', 'COT', 'Harry', '1G1_20'),
('4611509257P', 'HATTANELFUSAUVE', 'Sylvain', 'TG3_20'),
('4666228445V', 'POMPIER', 'Lancelot', 'TG2_20'),
('4674321745Z', 'RACINCLUBDLANCE', 'Michel', '1G2_20'),
('4816714555H', 'DANLEZEPINAR', 'Hamed-Hubert', '1G2_20'),
('4819873182V', 'HEILLEDESSANCE', 'Eve', '1G2_20'),
('4851332822R', 'SCROUTE', 'Jessica', '1G1_20'),
('4854613286O', 'KAFAIRATTENTION', 'Xavier', '2G2_20'),
('4898831557Y', 'ABDUKOWAÏT', 'Richard', 'TG1_20'),
('4924183368G', 'ZEBLUES', 'Agathe', 'TG2_20'),
('5120781787P', 'ENBALECOUL', 'Ilse', '1G1_20'),
('5166606981G', 'ERGEBEL', 'Octave', 'TG2_20'),
('5179934187H', 'DEPANIER', 'Hans', 'TG1_20'),
('5243831931H', 'VENITIEN', 'Nestor', '2G1_20'),
('5329988179J', 'NAIISE', 'Guy', '1G3_20'),
('5343333379A', 'EIPAN', 'Amehd', '1G1_20'),
('5467942372H', 'LANCE', 'Pierre', '1G3_20'),
('5621211690V', 'VERTE', 'Olive', 'TG3_20'),
('5648032370T', 'SEXARENTRER', 'Edmond', 'TG1_20'),
('5781597011T', 'NETTE', 'Mario', '1G1_20'),
('5782523930B', 'DEUXBANANE', 'Régine', 'TG2_20'),
('5804095815H', 'ICHINEL', 'Paul', 'TG2_20'),
('5816576571K', 'FILS', 'Thibaud', '2G2_20'),
('5948859298P', 'LAMY', 'KIm', '1G3_20'),
('5967644032X', 'AHEURFIX', 'Amandine', 'TG3_20'),
('6022422432H', 'PIONSONMIGNON', 'César', 'TG2_20'),
('6141443852M', 'DILINDIEN', 'Hughes', '1G3_20'),
('6347963235E', 'DAMETTRELATABLE', 'Aimée', '1G2_20'),
('6390782651A', 'HERKRAZLESPRY', 'Mahmoud', '1G1_20'),
('6444910659D', 'PEUPLUS', 'Jean', 'TG1_20'),
('6470659584N', 'HALLE', 'Anne', '1G1_20'),
('6566354750T', 'TALARON', 'Delphine', 'TG2_20'),
('6597952093N', 'TRUANT', 'Tony', '1G2_20'),
('6652461942W', 'ENCHIE', 'Yvon', '2G1_20'),
('6663396288E', 'ENCORIMPEU', 'Oreste', '2G1_20'),
('6681352565P', 'GAMOTTE', 'Albert', '2G2_20'),
('6760890848R', 'OUALETROU', 'Ginette', 'TG2_20'),
('6778204050X', 'LEKUKELLA', 'Matt', '1G2_20'),
('6804655559N', 'SAHALOR', 'Aubin', '2G2_20'),
('6909688934T', 'SUCREMERSI', 'Justin', 'TG3_20'),
('7004591003G', 'BISTROJESOIF', 'Allonzo', '1G3_20'),
('7010470425Y', 'BEURGUEUR', 'Cochise', 'TG1_20'),
('7023234644F', 'FRIGOSQUETAPRIS', 'Roméo', 'TG1_20'),
('7159534111N', 'GEDEPATATES', 'Germain', '1G1_20'),
('7205136990S', 'BELIVEAUMEZON', 'Jean', 'TG1_20'),
('7227251408O', 'NAIN', 'Lisette', '1G3_20'),
('7258225936S', 'CHANDEL', 'Dino', '1G1_20'),
('7272702498C', 'IDEKILAHULA', 'Heinrich', '2G2_20'),
('7286953502I', 'TATOR', 'Nestor', 'TG2_20'),
('7289752509N', 'OPIE', 'Geoffroy', 'TG2_20'),
('7365564891P', 'PADEUMUSIK', 'Samson', 'TG3_20'),
('7381684539M', 'NAIMARD', 'Jean', '1G3_20'),
('7456290342V', 'MAGNE', 'Charles', 'TG1_20'),
('7545513796N', 'LIGUILI', 'Guy', 'TG3_20'),
('7654449862T', 'TITGOUTE', 'Justine-Anne', 'TG2_20'),
('7712895697S', 'DANLOSS', 'Ella', '2G1_20'),
('7768553553A', 'HEMIE', 'Anne', '2G2_20'),
('7861653716I', 'EIGERI', 'Tom', '2G1_20'),
('7879957253S', 'CELAIR', 'Jacques', '1G2_20'),
('7904892884O', 'ACIREJEANNE', 'Ariane', '2G1_20'),
('7916019454V', 'RATIF', 'Luc', '1G3_20'),
('7925018985U', 'ENFÛT', 'Jérôme', 'TG1_20'),
('7943274111P', 'IDDIS', 'Hamid', '2G2_20'),
('8005193722W', 'BATTELAIR', 'Cécile', '2G2_20'),
('8076398296M', 'JAVELL', 'Aude', '2G2_20'),
('8101425985L', 'ADLAVYYADLESPOIR', 'Tanguy', '2G2_20'),
('8134108048M', 'CAPET', 'Andy', '1G1_20'),
('8191366393X', 'CONDA', 'Anna', 'TG3_20'),
('8193097168N', 'BEALARENVERSE', 'Tom', 'TG1_20'),
('8207441272H', 'SANFRAPE', 'André', '2G1_20'),
('8209894633T', 'DEBOSIEUX', 'Ella', 'TG2_20'),
('8250469498F', 'KILTELEFONE', 'Estelle', 'TG3_20'),
('8295121066O', 'FREICHI', 'Sarah', '1G1_20'),
('8324665801O', 'MALAUZO', 'Mélanie', '1G2_20'),
('8350652994M', 'DANLGARAJ', 'Mélodie', '1G1_20'),
('8360421007O', 'BAL', 'Annie', 'TG2_20'),
('8427128341F', 'AKELEUR', 'Ondine', 'TG2_20'),
('8486973191T', 'EMALCONSERVE', 'Mariette', '1G2_20'),
('8511018086V', 'DESOGNONS', 'Yvan', '1G3_20'),
('8542426071G', 'NAIDOCHAUDE', 'Robi', '1G2_20'),
('8592792311A', 'ACERTAFOTE', 'Joseph', 'TG2_20'),
('8622085995O', 'KUHL', 'Jean', '1G1_20'),
('8674288810L', 'GELLET', 'Laure', 'TG1_20'),
('8708894230N', 'FEIMAL', 'Aïcha', '2G2_20'),
('8723318178H', 'GENCYL', 'Tony', '2G2_20'),
('8729329274J', 'FÊSSEKETUVOUDRA', 'Aimé', '1G3_20'),
('8810918837X', 'ITE', 'Prosper', 'TG3_20'),
('8918706025V', 'BEGUINPOUREL', 'Jules', 'TG1_20'),
('9073635774Z', 'SAROULBIEN', 'Renaud', '1G3_20'),
('9088024861W', 'DETOUT', 'Stanislas', 'TG3_20'),
('9092256262V', 'REUREDEMAPAR', 'Sophie', '2G1_20'),
('9267632199O', 'BA', 'Béa', 'TG2_20'),
('9346554178U', 'BOL', 'Guy', '1G3_20'),
('9348273111N', 'FONFEC', 'Sophie', 'TG2_20'),
('9380435475Y', 'MONBOPAYS', 'France', 'TG3_20'),
('9384953783C', 'DEJUSTISSE', 'Denis', '1G3_20'),
('9533330833A', 'HULET', 'Jacques', 'TG1_20'),
('9551311510R', 'KAMIL', 'Sim', '2G2_20'),
('9606529178O', 'PALATUJAINE', 'Edgar', '2G2_20'),
('9679793505C', 'QUEUTOIS', 'Jonathan', '2G1_20'),
('9751165027D', 'KIROULNAMASPAMOUSS', 'Pierre', 'TG2_20'),
('9793219750U', 'PARENTRE', 'José', '2G1_20'),
('9832593785Z', 'CAMAN', 'Mehdi', '1G1_20'),
('9857653831F', 'CAMBRONNE', 'Maude', '2G2_20'),
('9901210224Y', 'HEMIE', 'ANNE', '2G1_20'),
('9901635750H', 'UNMOVECOTON', 'Théophile', 'TG2_20'),
('9955383034M', 'NANA', 'Judas', 'TG3_20'),
('9970605099Z', 'CELAIR', 'Jacques', '2G1_20');

-- --------------------------------------------------------

--
-- Structure de la table `enseigne`
--

CREATE TABLE `enseigne` (
  `id_professeur` varchar(13) NOT NULL,
  `id_matiere` int(11) NOT NULL
) ENGINE=InnoDB DEFAULT CHARSET=utf8;

--
-- Contenu de la table `enseigne`
--

INSERT INTO `enseigne` (`id_professeur`, `id_matiere`) VALUES
('09C1938462GKL', 16),
('10D0934850JUD', 10),
('10D0934850JUD', 18),
('16E0412345ABC', 5),
('16E0412345ABC', 6),
('16E0412345ABC', 15),
('23F4572349HJR', 8),
('43X1435678FGR', 15),
('65H9852082LMR', 2),
('65H9852082LMR', 12),
('65H9852082LMR', 14),
('88D9481128KIF', 3),
('88D9481128KIF', 14);

-- --------------------------------------------------------

--
-- Structure de la table `Matiere`
--

CREATE TABLE `Matiere` (
  `id_matiere` int(11) NOT NULL,
  `libelle` varchar(30) NOT NULL,
  `description` text
) ENGINE=InnoDB DEFAULT CHARSET=utf8;

--
-- Contenu de la table `Matiere`
--

INSERT INTO `Matiere` (`id_matiere`, `libelle`, `description`) VALUES
(2, 'HG', 'Histoire et Géographie'),
(3, 'SES', 'Sciences Economique et Sociale'),
(5, 'SI', 'Spécialité Sciences de l\'Ingénieur en première et terminale'),
(6, 'NSI', 'Spécialité Numérique et Sciences de l\'Informatique en première et terminale '),
(8, 'Français', 'Lettres modernes'),
(10, 'MATH', ''),
(12, 'ANGLAIS', 'Culture et litérature en langue anglaise'),
(14, 'Philosophie', 'Spécialité'),
(15, 'EPS', 'Education Physique et Sportive'),
(16, 'SVT', 'Sciences et vie de la Terre'),
(18, 'Sciences Physiques', 'Physique - Chimie');

-- --------------------------------------------------------

--
-- Structure de la table `Professeur`
--

CREATE TABLE `Professeur` (
  `id_professeur` varchar(13) NOT NULL,
  `nom` varchar(30) DEFAULT NULL,
  `prenom` varchar(30) DEFAULT NULL
) ENGINE=InnoDB DEFAULT CHARSET=utf8;

--
-- Contenu de la table `Professeur`
--

INSERT INTO `Professeur` (`id_professeur`, `nom`, `prenom`) VALUES
('09C1938462GKL', 'DARWIN', 'Charles'),
('10D0934850JUD', 'PYTHAGORE', 'Alexandre'),
('16E0412345ABC', 'SILANUS', 'Marc'),
('23F4572349HJR', 'VICTOR', 'Hugo'),
('43X1435678FGR', 'PLATINI', 'Michel'),
('65H9852082LMR', 'TRUMP', 'Donald'),
('88D9481128KIF', 'MARX', 'Karl');

--
-- Index pour les tables exportées
--

--
-- Index pour la table `a_obtenu`
--
ALTER TABLE `a_obtenu`
  ADD PRIMARY KEY (`id_eleve`,`id_professeur`,`id_matiere`,`date`),
  ADD KEY `id_matiere` (`id_matiere`),
  ADD KEY `id_professeur` (`id_professeur`);

--
-- Index pour la table `Classe`
--
ALTER TABLE `Classe`
  ADD PRIMARY KEY (`id_classe`),
  ADD KEY `id_professeur` (`id_professeur`);

--
-- Index pour la table `Eleve`
--
ALTER TABLE `Eleve`
  ADD PRIMARY KEY (`id_eleve`),
  ADD KEY `id_classe` (`id_classe`);

--
-- Index pour la table `enseigne`
--
ALTER TABLE `enseigne`
  ADD PRIMARY KEY (`id_professeur`,`id_matiere`),
  ADD KEY `id_matiere` (`id_matiere`);

--
-- Index pour la table `Matiere`
--
ALTER TABLE `Matiere`
  ADD PRIMARY KEY (`id_matiere`);

--
-- Index pour la table `Professeur`
--
ALTER TABLE `Professeur`
  ADD PRIMARY KEY (`id_professeur`);

--
-- AUTO_INCREMENT pour les tables exportées
--

--
-- AUTO_INCREMENT pour la table `Matiere`
--
ALTER TABLE `Matiere`
  MODIFY `id_matiere` int(11) NOT NULL AUTO_INCREMENT, AUTO_INCREMENT=19;
--
-- Contraintes pour les tables exportées
--

--
-- Contraintes pour la table `a_obtenu`
--
ALTER TABLE `a_obtenu`
  ADD CONSTRAINT `a_obtenu_ibfk_1` FOREIGN KEY (`id_matiere`) REFERENCES `enseigne` (`id_matiere`),
  ADD CONSTRAINT `a_obtenu_ibfk_2` FOREIGN KEY (`id_professeur`) REFERENCES `enseigne` (`id_professeur`),
  ADD CONSTRAINT `a_obtenu_ibfk_3` FOREIGN KEY (`id_eleve`) REFERENCES `Eleve` (`id_eleve`);

--
-- Contraintes pour la table `Classe`
--
ALTER TABLE `Classe`
  ADD CONSTRAINT `Classe_ibfk_1` FOREIGN KEY (`id_professeur`) REFERENCES `Professeur` (`id_professeur`);

--
-- Contraintes pour la table `Eleve`
--
ALTER TABLE `Eleve`
  ADD CONSTRAINT `Eleve_ibfk_1` FOREIGN KEY (`id_classe`) REFERENCES `Classe` (`id_classe`);

--
-- Contraintes pour la table `enseigne`
--
ALTER TABLE `enseigne`
  ADD CONSTRAINT `enseigne_ibfk_1` FOREIGN KEY (`id_matiere`) REFERENCES `Matiere` (`id_matiere`),
  ADD CONSTRAINT `enseigne_ibfk_2` FOREIGN KEY (`id_professeur`) REFERENCES `Professeur` (`id_professeur`);

/*!40101 SET CHARACTER_SET_CLIENT=@OLD_CHARACTER_SET_CLIENT */;
/*!40101 SET CHARACTER_SET_RESULTS=@OLD_CHARACTER_SET_RESULTS */;
/*!40101 SET COLLATION_CONNECTION=@OLD_COLLATION_CONNECTION */;
